species,cs_flux,carbon,growth
Agrobacterium tumefaciens,0.25,Succinate,0.03637933591613374
Alcaligenes faecalis,0.25,Succinate,0.028216454264707726
Delftia acidovorans,0.25,Succinate,0.0282168355636564
Pandoraea vervacti,0.25,Succinate,0.028217910437596652
Pantoea agglomerans,0.25,Succinate,0.02603739201951093
Pseudomonas asiatica,0.25,Succinate,0.026361857120823496
Pseudomonas delhiensis,0.25,Succinate,0.02649370205657147
Sphingomonas paucimobilis,0.25,Succinate,0.036379335916133904
Agrobacterium tumefaciens,0.5,Succinate,0.07275867183226803
Alcaligenes faecalis,0.5,Succinate,0.05643290852941545
Delftia acidovorans,0.5,Succinate,0.05643367112731304
Pandoraea vervacti,0.5,Succinate,0.056435820875193304
Pantoea agglomerans,0.5,Succinate,0.052074784039021924
Pseudomonas asiatica,0.5,Succinate,0.05272371424164699
Pseudomonas delhiensis,0.5,Succinate,0.05298740411314307
Sphingomonas paucimobilis,0.5,Succinate,0.07275867183226774
Agrobacterium tumefaciens,1.0,Succinate,0.14551734366453617
Alcaligenes faecalis,1.0,Succinate,0.1128658170588309
Delftia acidovorans,1.0,Succinate,0.11286734225462608
Pandoraea vervacti,1.0,Succinate,0.11287164175038661
Pantoea agglomerans,1.0,Succinate,0.10414956807804385
Pseudomonas asiatica,1.0,Succinate,0.10544742848329398
Pseudomonas delhiensis,1.0,Succinate,0.10597480822628616
Sphingomonas paucimobilis,1.0,Succinate,0.14551734366453548
Agrobacterium tumefaciens,4.0,Succinate,0.5820693746581422
Alcaligenes faecalis,4.0,Succinate,0.4514632682353236
Delftia acidovorans,4.0,Succinate,0.4514693690185043
Pandoraea vervacti,4.0,Succinate,0.45148656700154643
Pantoea agglomerans,4.0,Succinate,0.4165982723121754
Pseudomonas asiatica,4.0,Succinate,0.42178971393317594
Pseudomonas delhiensis,4.0,Succinate,0.42389923290514464
Sphingomonas paucimobilis,4.0,Succinate,0.5820693746581419
Agrobacterium tumefaciens,2.0,Succinate,0.2910346873290711
Alcaligenes faecalis,2.0,Succinate,0.2257316341176618
Delftia acidovorans,2.0,Succinate,0.22573468450925216
Pandoraea vervacti,2.0,Succinate,0.22574328350077322
Pantoea agglomerans,2.0,Succinate,0.2082991361560877
Pseudomonas asiatica,2.0,Succinate,0.21089485696658797
Pseudomonas delhiensis,2.0,Succinate,0.21194961645257232
Sphingomonas paucimobilis,2.0,Succinate,0.29103468732907095
Agrobacterium tumefaciens,8.0,Succinate,1.1641387493162845
Alcaligenes faecalis,8.0,Succinate,0.9029265364706472
Delftia acidovorans,8.0,Succinate,0.9029387380370086
Pandoraea vervacti,8.0,Succinate,0.9029731340030929
Pantoea agglomerans,8.0,Succinate,0.8331965446243508
Pseudomonas asiatica,8.0,Succinate,0.8435794278663519
Pseudomonas delhiensis,8.0,Succinate,0.8477984658102893
Sphingomonas paucimobilis,8.0,Succinate,1.1641387493162838
Agrobacterium tumefaciens,0.25,Alanine,0.03554733572611116
Alcaligenes faecalis,0.25,Alanine,0.03554586857614615
Delftia acidovorans,0.25,Alanine,0.035547169093102356
Pandoraea vervacti,0.25,Alanine,0.035547335726111184
Pantoea agglomerans,0.25,Alanine,0.03392255125945277
Pseudomonas asiatica,0.25,Alanine,0.034345277315231744
Pseudomonas delhiensis,0.25,Alanine,0.03451705014823496
Sphingomonas paucimobilis,0.25,Alanine,0.03554733572611122
Agrobacterium tumefaciens,0.5,Alanine,0.07109467145222235
Alcaligenes faecalis,0.5,Alanine,0.0710917371522923
Delftia acidovorans,0.5,Alanine,0.07109433818620434
Pandoraea vervacti,0.5,Alanine,0.07109467145222237
Pantoea agglomerans,0.5,Alanine,0.06784510251890546
Pseudomonas asiatica,0.5,Alanine,0.06869055463046349
Pseudomonas delhiensis,0.5,Alanine,0.06903410029646966
Sphingomonas paucimobilis,0.5,Alanine,0.07109467145222234
Agrobacterium tumefaciens,1.0,Alanine,0.14218934290444463
Alcaligenes faecalis,1.0,Alanine,0.1421834743045846
Delftia acidovorans,1.0,Alanine,0.14218867637240867
Pandoraea vervacti,1.0,Alanine,0.14218934290444474
Pantoea agglomerans,1.0,Alanine,0.13569020503781093
Pseudomonas asiatica,1.0,Alanine,0.13738110926092698
Pseudomonas delhiensis,1.0,Alanine,0.13806820059293992
Sphingomonas paucimobilis,1.0,Alanine,0.14218934290444468
Agrobacterium tumefaciens,4.0,Alanine,0.5687573716177778
Alcaligenes faecalis,4.0,Alanine,0.5687338972183384
Delftia acidovorans,4.0,Alanine,0.5687547054896347
Pandoraea vervacti,4.0,Alanine,0.568757371617779
Pantoea agglomerans,4.0,Alanine,0.5427608201512437
Pseudomonas asiatica,4.0,Alanine,0.5495244370437079
Pseudomonas delhiensis,4.0,Alanine,0.5522728023717597
Sphingomonas paucimobilis,4.0,Alanine,0.5687573716177787
Agrobacterium tumefaciens,2.0,Alanine,0.2843786858088889
Alcaligenes faecalis,2.0,Alanine,0.2843669486091692
Delftia acidovorans,2.0,Alanine,0.28437735274481735
Pandoraea vervacti,2.0,Alanine,0.2843786858088895
Pantoea agglomerans,2.0,Alanine,0.27138041007562186
Pseudomonas asiatica,2.0,Alanine,0.27476221852185395
Pseudomonas delhiensis,2.0,Alanine,0.27613640118587984
Sphingomonas paucimobilis,2.0,Alanine,0.28437868580888936
Agrobacterium tumefaciens,8.0,Alanine,1.1375147432355557
Alcaligenes faecalis,8.0,Alanine,1.137467794436677
Delftia acidovorans,8.0,Alanine,1.1375094109792694
Pandoraea vervacti,8.0,Alanine,1.137514743235558
Pantoea agglomerans,8.0,Alanine,1.0855216403024874
Pseudomonas asiatica,8.0,Alanine,1.0990488740874158
Pseudomonas delhiensis,8.0,Alanine,1.104545604743522
Sphingomonas paucimobilis,8.0,Alanine,1.1375147432355575
Agrobacterium tumefaciens,0.25,Glutamine,0.036117332008567676
Alcaligenes faecalis,0.25,Glutamine,0.03361588729818617
Delftia acidovorans,0.25,Glutamine,0.03361634156158764
Pandoraea vervacti,0.25,Glutamine,0.033617622120827646
Pantoea agglomerans,0.25,Glutamine,0.029593450399944182
Pseudomonas asiatica,0.25,Glutamine,0.028283139861880566
Pseudomonas delhiensis,0.25,Glutamine,0.030320527332196
Sphingomonas paucimobilis,0.25,Glutamine,0.03611733200856762
Agrobacterium tumefaciens,0.5,Glutamine,0.07223466401713526
Alcaligenes faecalis,0.5,Glutamine,0.06723177459637233
Delftia acidovorans,0.5,Glutamine,0.06723268312317526
Pandoraea vervacti,0.5,Glutamine,0.06723524424165529
Pantoea agglomerans,0.5,Glutamine,0.0591869007998885
Pseudomonas asiatica,0.5,Glutamine,0.05656627972376113
Pseudomonas delhiensis,0.5,Glutamine,0.060641054664392256
Sphingomonas paucimobilis,0.5,Glutamine,0.07223466401713512
Agrobacterium tumefaciens,1.0,Glutamine,0.14446932803427023
Alcaligenes faecalis,1.0,Glutamine,0.13446354919274467
Delftia acidovorans,1.0,Glutamine,0.13446536624635053
Pandoraea vervacti,1.0,Glutamine,0.13447048848331059
Pantoea agglomerans,1.0,Glutamine,0.11837380159977708
Pseudomonas asiatica,1.0,Glutamine,0.11313255944752226
Pseudomonas delhiensis,1.0,Glutamine,0.12128210932878446
Sphingomonas paucimobilis,1.0,Glutamine,0.14446932803427023
Agrobacterium tumefaciens,4.0,Glutamine,0.5778773121370826
Alcaligenes faecalis,4.0,Glutamine,0.5378541967709787
Delftia acidovorans,4.0,Glutamine,0.5378614649854021
Pandoraea vervacti,4.0,Glutamine,0.5378819539332423
Pantoea agglomerans,4.0,Glutamine,0.4734952063991083
Pseudomonas asiatica,4.0,Glutamine,0.45253023779008905
Pseudomonas delhiensis,4.0,Glutamine,0.48512843731513783
Sphingomonas paucimobilis,4.0,Glutamine,0.5778773121370809
Agrobacterium tumefaciens,2.0,Glutamine,0.2889386560685413
Alcaligenes faecalis,2.0,Glutamine,0.26892709838548934
Delftia acidovorans,2.0,Glutamine,0.26893073249270105
Pandoraea vervacti,2.0,Glutamine,0.26894097696662117
Pantoea agglomerans,2.0,Glutamine,0.23674760319955415
Pseudomonas asiatica,2.0,Glutamine,0.22626511889504453
Pseudomonas delhiensis,2.0,Glutamine,0.24256421865756891
Sphingomonas paucimobilis,2.0,Glutamine,0.28893865606854047
Agrobacterium tumefaciens,8.0,Glutamine,1.1557546242741652
Alcaligenes faecalis,8.0,Glutamine,1.0757083935419574
Delftia acidovorans,8.0,Glutamine,1.0757229299708042
Pandoraea vervacti,8.0,Glutamine,1.0757639078664847
Pantoea agglomerans,8.0,Glutamine,0.9469904127982166
Pseudomonas asiatica,8.0,Glutamine,0.9050604755801781
Pseudomonas delhiensis,8.0,Glutamine,0.9702568746302761
Sphingomonas paucimobilis,8.0,Glutamine,1.1557546242741619
Agrobacterium tumefaciens,0.25,Proline,0.04584545209530143
Alcaligenes faecalis,0.25,Proline,0.04267024902073252
Delftia acidovorans,0.25,Proline,0.04267082563893345
Pandoraea vervacti,0.25,Proline,0.04267245111385172
Pantoea agglomerans,0.25,Proline,0.041355555031109506
Pseudomonas asiatica,0.25,Proline,0.041355390843666504
Pseudomonas delhiensis,0.25,Proline,0.045845452095301456
Sphingomonas paucimobilis,0.25,Proline,0.04584545209530163
Agrobacterium tumefaciens,0.5,Proline,0.09169090419060304
Alcaligenes faecalis,0.5,Proline,0.08534049804146493
Delftia acidovorans,0.5,Proline,0.08534165127786714
Pandoraea vervacti,0.5,Proline,0.08534490222770344
Pantoea agglomerans,0.5,Proline,0.08271111006221911
Pseudomonas asiatica,0.5,Proline,0.08271078168733301
Pseudomonas delhiensis,0.5,Proline,0.09169090419060293
Sphingomonas paucimobilis,0.5,Proline,0.09169090419060326
Agrobacterium tumefaciens,1.0,Proline,0.18338180838120652
Alcaligenes faecalis,1.0,Proline,0.17068099608292997
Delftia acidovorans,1.0,Proline,0.17068330255573427
Pandoraea vervacti,1.0,Proline,0.17068980445540688
Pantoea agglomerans,1.0,Proline,0.16542222012443727
Pseudomonas asiatica,1.0,Proline,0.16542156337466601
Pseudomonas delhiensis,1.0,Proline,0.18338180838120616
Sphingomonas paucimobilis,1.0,Proline,0.18338180838120652
Agrobacterium tumefaciens,4.0,Proline,0.7335272335248245
Alcaligenes faecalis,4.0,Proline,0.6827239843317215
Delftia acidovorans,4.0,Proline,0.6827332102229371
Pandoraea vervacti,4.0,Proline,0.6827592178216275
Pantoea agglomerans,4.0,Proline,0.6616888804977491
Pseudomonas asiatica,4.0,Proline,0.6616862534986641
Pseudomonas delhiensis,4.0,Proline,0.7335272335248246
Sphingomonas paucimobilis,4.0,Proline,0.7335272335248261
Agrobacterium tumefaciens,2.0,Proline,0.36676361676241226
Alcaligenes faecalis,2.0,Proline,0.3413619921658608
Delftia acidovorans,2.0,Proline,0.34136660511146855
Pandoraea vervacti,2.0,Proline,0.34137960891081376
Pantoea agglomerans,2.0,Proline,0.33084444024887455
Pseudomonas asiatica,2.0,Proline,0.33084312674933203
Pseudomonas delhiensis,2.0,Proline,0.3667636167624123
Sphingomonas paucimobilis,2.0,Proline,0.36676361676241304
Agrobacterium tumefaciens,8.0,Proline,1.467054467049649
Alcaligenes faecalis,8.0,Proline,1.365447968663439
Delftia acidovorans,8.0,Proline,1.3654664204458742
Pandoraea vervacti,8.0,Proline,1.365518435643255
Pantoea agglomerans,8.0,Proline,1.3233777609954982
Pseudomonas asiatica,8.0,Proline,1.3233725069973281
Pseudomonas delhiensis,8.0,Proline,1.4670544670496495
Sphingomonas paucimobilis,8.0,Proline,1.4670544670496521
Agrobacterium tumefaciens,0.25,Acetate,0.03576007384642332
Alcaligenes faecalis,0.25,Acetate,0.027736143686522965
Delftia acidovorans,0.25,Acetate,0.027736518494864554
Pandoraea vervacti,0.25,Acetate,0.02773757507191602
Pantoea agglomerans,0.25,Acetate,0.02688157774803317
Pseudomonas asiatica,0.25,Acetate,0.026881471024341155
Pseudomonas delhiensis,0.25,Acetate,0.030216000507067294
Sphingomonas paucimobilis,0.25,Acetate,0.03576007384642333
Agrobacterium tumefaciens,0.5,Acetate,0.07152014769284648
Alcaligenes faecalis,0.5,Acetate,0.05547228737304575
Delftia acidovorans,0.5,Acetate,0.055473036989729135
Pandoraea vervacti,0.5,Acetate,0.05547515014383204
Pantoea agglomerans,0.5,Acetate,0.05376315549606627
Pseudomonas asiatica,0.5,Acetate,0.05376294204868231
Pseudomonas delhiensis,0.5,Acetate,0.06043200101413465
Sphingomonas paucimobilis,0.5,Acetate,0.07152014769284638
Agrobacterium tumefaciens,1.0,Acetate,0.1430402953856927
Alcaligenes faecalis,1.0,Acetate,0.11094457474609139
Delftia acidovorans,1.0,Acetate,0.11094607397945809
Pandoraea vervacti,1.0,Acetate,0.11095030028766407
Pantoea agglomerans,1.0,Acetate,0.1075263109921326
Pseudomonas asiatica,1.0,Acetate,0.10752588409736462
Pseudomonas delhiensis,1.0,Acetate,0.12086400202826916
Sphingomonas paucimobilis,1.0,Acetate,0.14304029538569277
Agrobacterium tumefaciens,4.0,Acetate,0.5721611815427713
Alcaligenes faecalis,4.0,Acetate,0.4437782989843653
Delftia acidovorans,4.0,Acetate,0.4437842959178317
Pandoraea vervacti,4.0,Acetate,0.4438012011506563
Pantoea agglomerans,4.0,Acetate,0.4301052439685304
Pseudomonas asiatica,4.0,Acetate,0.4301035363894585
Pseudomonas delhiensis,4.0,Acetate,0.48345600811307665
Sphingomonas paucimobilis,4.0,Acetate,0.5721611815427711
Agrobacterium tumefaciens,2.0,Acetate,0.28608059077138565
Alcaligenes faecalis,2.0,Acetate,0.22188914949218266
Delftia acidovorans,2.0,Acetate,0.22189214795891585
Pandoraea vervacti,2.0,Acetate,0.22190060057532815
Pantoea agglomerans,2.0,Acetate,0.2150526219842652
Pseudomonas asiatica,2.0,Acetate,0.21505176819472924
Pseudomonas delhiensis,2.0,Acetate,0.24172800405653833
Sphingomonas paucimobilis,2.0,Acetate,0.28608059077138553
Agrobacterium tumefaciens,8.0,Acetate,1.1443223630855426
Alcaligenes faecalis,8.0,Acetate,0.8875565979687301
Delftia acidovorans,8.0,Acetate,0.8875685918356634
Pandoraea vervacti,8.0,Acetate,0.8876024023013126
Pantoea agglomerans,8.0,Acetate,0.8602104879370608
Pseudomonas asiatica,8.0,Acetate,0.860207072778917
Pseudomonas delhiensis,8.0,Acetate,0.9669120162261508
Sphingomonas paucimobilis,8.0,Acetate,1.1443223630855421
Agrobacterium tumefaciens,0.25,Mannitol,0.034768755995380554
Alcaligenes faecalis,0.25,Mannitol,0.032014314788371766
Delftia acidovorans,0.25,Mannitol,0.03476859301207089
Pandoraea vervacti,0.25,Mannitol,0.03476875599538054
Pantoea agglomerans,0.25,Mannitol,0.03476707652562997
Pseudomonas asiatica,0.25,Mannitol,0.034767483951225746
Pseudomonas delhiensis,0.25,Mannitol,0.0347687559953806
Sphingomonas paucimobilis,0.25,Mannitol,0.03476875599538066
Agrobacterium tumefaciens,0.5,Mannitol,0.06953751199076112
Alcaligenes faecalis,0.5,Mannitol,0.06402862957674339
Delftia acidovorans,0.5,Mannitol,0.0695371860241417
Pandoraea vervacti,0.5,Mannitol,0.06953751199076108
Pantoea agglomerans,0.5,Mannitol,0.06953415305125987
Pseudomonas asiatica,0.5,Mannitol,0.0695349679024518
Pseudomonas delhiensis,0.5,Mannitol,0.06953751199076107
Sphingomonas paucimobilis,0.5,Mannitol,0.0695375119907613
Agrobacterium tumefaciens,1.0,Mannitol,0.13907502398152227
Alcaligenes faecalis,1.0,Mannitol,0.12805725915348673
Delftia acidovorans,1.0,Mannitol,0.13907437204828305
Pandoraea vervacti,1.0,Mannitol,0.13907502398152216
Pantoea agglomerans,1.0,Mannitol,0.13906830610251972
Pseudomonas asiatica,1.0,Mannitol,0.13906993580490254
Pseudomonas delhiensis,1.0,Mannitol,0.13907502398152244
Sphingomonas paucimobilis,1.0,Mannitol,0.1390750239815226
Agrobacterium tumefaciens,4.0,Mannitol,0.5563000959260898
Alcaligenes faecalis,4.0,Mannitol,0.5122290366139469
Delftia acidovorans,4.0,Mannitol,0.5562974881931331
Pandoraea vervacti,4.0,Mannitol,0.5563000959260886
Pantoea agglomerans,4.0,Mannitol,0.5562732244100789
Pseudomonas asiatica,4.0,Mannitol,0.5562797432196102
Pseudomonas delhiensis,4.0,Mannitol,0.5563000959260898
Sphingomonas paucimobilis,4.0,Mannitol,0.5563000959260904
Agrobacterium tumefaciens,2.0,Mannitol,0.2781500479630449
Alcaligenes faecalis,2.0,Mannitol,0.25611451830697346
Delftia acidovorans,2.0,Mannitol,0.27814874409656654
Pandoraea vervacti,2.0,Mannitol,0.2781500479630443
Pantoea agglomerans,2.0,Mannitol,0.27813661220503944
Pseudomonas asiatica,2.0,Mannitol,0.2781398716098051
Pseudomonas delhiensis,2.0,Mannitol,0.2781500479630449
Sphingomonas paucimobilis,2.0,Mannitol,0.2781500479630452
Agrobacterium tumefaciens,8.0,Mannitol,1.1126001918521795
Alcaligenes faecalis,8.0,Mannitol,1.024458073227891
Delftia acidovorans,8.0,Mannitol,1.1125949763862661
Pandoraea vervacti,8.0,Mannitol,1.1126001918521773
Pantoea agglomerans,8.0,Mannitol,1.1125464488201577
Pseudomonas asiatica,8.0,Mannitol,1.1125594864392203
Pseudomonas delhiensis,8.0,Mannitol,1.1126001918521775
Sphingomonas paucimobilis,8.0,Mannitol,1.1126001918521808
Agrobacterium tumefaciens,0.25,Citrate,0.033490325287528204
Alcaligenes faecalis,0.25,Citrate,0.025975686691043567
Delftia acidovorans,0.25,Citrate,0.025976037709705798
Pandoraea vervacti,0.25,Citrate,0.025977027224137327
Pantoea agglomerans,0.25,Citrate,0.022867467066305006
Pseudomonas asiatica,0.25,Citrate,0.021854963195655844
Pseudomonas delhiensis,0.25,Citrate,0.02342929434829601
Sphingomonas paucimobilis,0.25,Citrate,0.033490325287528266
Agrobacterium tumefaciens,0.5,Citrate,0.06698065057505612
Alcaligenes faecalis,0.5,Citrate,0.05195137338208715
Delftia acidovorans,0.5,Citrate,0.05195207541941157
Pandoraea vervacti,0.5,Citrate,0.05195405444827465
Pantoea agglomerans,0.5,Citrate,0.04573493413260994
Pseudomonas asiatica,0.5,Citrate,0.04370992639131166
Pseudomonas delhiensis,0.5,Citrate,0.04685858869659196
Sphingomonas paucimobilis,0.5,Citrate,0.06698065057505641
Agrobacterium tumefaciens,1.0,Citrate,0.13396130115011276
Alcaligenes faecalis,1.0,Citrate,0.10390274676417376
Delftia acidovorans,1.0,Citrate,0.10390415083882341
Pandoraea vervacti,1.0,Citrate,0.1039081088965493
Pantoea agglomerans,1.0,Citrate,0.09146986826521972
Pseudomonas asiatica,1.0,Citrate,0.08741985278262385
Pseudomonas delhiensis,1.0,Citrate,0.09371717739318426
Sphingomonas paucimobilis,1.0,Citrate,0.13396130115011282
Agrobacterium tumefaciens,4.0,Citrate,0.5358452046004515
Alcaligenes faecalis,4.0,Citrate,0.41561098705669636
Delftia acidovorans,4.0,Citrate,0.41561660335529427
Pandoraea vervacti,4.0,Citrate,0.4156324355861972
Pantoea agglomerans,4.0,Citrate,0.36587947306087876
Pseudomonas asiatica,4.0,Citrate,0.3496794111304954
Pseudomonas delhiensis,4.0,Citrate,0.37486870957273705
Sphingomonas paucimobilis,4.0,Citrate,0.5358452046004513
Agrobacterium tumefaciens,2.0,Citrate,0.26792260230022574
Alcaligenes faecalis,2.0,Citrate,0.20780549352834818
Delftia acidovorans,2.0,Citrate,0.20780830167764713
Pandoraea vervacti,2.0,Citrate,0.2078162177930986
Pantoea agglomerans,2.0,Citrate,0.18293973653043938
Pseudomonas asiatica,2.0,Citrate,0.1748397055652477
Pseudomonas delhiensis,2.0,Citrate,0.18743435478636852
Sphingomonas paucimobilis,2.0,Citrate,0.26792260230022563
Agrobacterium tumefaciens,8.0,Citrate,1.0716904092009023
Alcaligenes faecalis,8.0,Citrate,0.8312219741133945
Delftia acidovorans,8.0,Citrate,0.8312332067105885
Pandoraea vervacti,8.0,Citrate,0.8312648711723944
Pantoea agglomerans,8.0,Citrate,0.7317589461217575
Pseudomonas asiatica,8.0,Citrate,0.6993588222609908
Pseudomonas delhiensis,8.0,Citrate,0.749737419145474
Sphingomonas paucimobilis,8.0,Citrate,1.0716904092009025
Agrobacterium tumefaciens,0.25,Glucose,0.03515744288105008
Alcaligenes faecalis,0.25,Glucose,0.03237220922421504
Delftia acidovorans,0.25,Glucose,0.03515727807571738
Pandoraea vervacti,0.25,Glucose,0.0351574428810502
Pantoea agglomerans,0.25,Glucose,0.03355047949226943
Pseudomonas asiatica,0.25,Glucose,0.033968568973711394
Pseudomonas delhiensis,0.25,Glucose,0.03413845775557019
Sphingomonas paucimobilis,0.25,Glucose,0.03515744288105022
Agrobacterium tumefaciens,0.5,Glucose,0.07031488576210006
Alcaligenes faecalis,0.5,Glucose,0.06474441844842983
Delftia acidovorans,0.5,Glucose,0.07031455615143493
Pandoraea vervacti,0.5,Glucose,0.0703148857621004
Pantoea agglomerans,0.5,Glucose,0.06710095898453879
Pseudomonas asiatica,0.5,Glucose,0.06793713794742298
Pseudomonas delhiensis,0.5,Glucose,0.06827691551114029
Sphingomonas paucimobilis,0.5,Glucose,0.07031488576210045
Agrobacterium tumefaciens,1.0,Glucose,0.14062977152420023
Alcaligenes faecalis,1.0,Glucose,0.12948883689685992
Delftia acidovorans,1.0,Glucose,0.14062911230286948
Pandoraea vervacti,1.0,Glucose,0.1406297715242008
Pantoea agglomerans,1.0,Glucose,0.1342019179690774
Pseudomonas asiatica,1.0,Glucose,0.1358742758948461
Pseudomonas delhiensis,1.0,Glucose,0.13655383102228105
Sphingomonas paucimobilis,1.0,Glucose,0.1406297715242009
Agrobacterium tumefaciens,4.0,Glucose,0.5625190860968053
Alcaligenes faecalis,4.0,Glucose,0.5179553475874379
Delftia acidovorans,4.0,Glucose,0.5625164492114799
Pandoraea vervacti,4.0,Glucose,0.5625190860968032
Pantoea agglomerans,4.0,Glucose,0.5368076718763096
Pseudomonas asiatica,4.0,Glucose,0.5434971035793844
Pseudomonas delhiensis,4.0,Glucose,0.5462153240891238
Sphingomonas paucimobilis,4.0,Glucose,0.5625190860968036
Agrobacterium tumefaciens,2.0,Glucose,0.28125954304840267
Alcaligenes faecalis,2.0,Glucose,0.25897767379371894
Delftia acidovorans,2.0,Glucose,0.28125822460573996
Pandoraea vervacti,2.0,Glucose,0.2812595430484016
Pantoea agglomerans,2.0,Glucose,0.2684038359381548
Pseudomonas asiatica,2.0,Glucose,0.2717485517896922
Pseudomonas delhiensis,2.0,Glucose,0.2731076620445619
Sphingomonas paucimobilis,2.0,Glucose,0.2812595430484018
Agrobacterium tumefaciens,8.0,Glucose,1.1250381721936153
Alcaligenes faecalis,8.0,Glucose,1.035910695174878
Delftia acidovorans,8.0,Glucose,1.1250328984229598
Pandoraea vervacti,8.0,Glucose,1.1250381721936065
Pantoea agglomerans,8.0,Glucose,1.0736153437526192
Pseudomonas asiatica,8.0,Glucose,1.0869942071587688
Pseudomonas delhiensis,8.0,Glucose,1.0924306481782484
Sphingomonas paucimobilis,8.0,Glucose,1.1250381721936071
Agrobacterium tumefaciens,0.25,Ribose,0.03515744288105028
Alcaligenes faecalis,0.25,Ribose,0.03329712948776398
Delftia acidovorans,0.25,Ribose,0.0
Pandoraea vervacti,0.25,Ribose,0.03515744288105032
Pantoea agglomerans,0.25,Ribose,0.03355047949226934
Pseudomonas asiatica,0.25,Ribose,0.0339685689737115
Pseudomonas delhiensis,0.25,Ribose,0.034138457755570215
Sphingomonas paucimobilis,0.25,Ribose,0.03515744288105019
Agrobacterium tumefaciens,0.5,Ribose,0.0703148857621006
Alcaligenes faecalis,0.5,Ribose,0.06659425897552786
Delftia acidovorans,0.5,Ribose,0.0
Pandoraea vervacti,0.5,Ribose,0.07031488576210064
Pantoea agglomerans,0.5,Ribose,0.06710095898453872
Pseudomonas asiatica,0.5,Ribose,0.06793713794742295
Pseudomonas delhiensis,0.5,Ribose,0.06827691551114043
Sphingomonas paucimobilis,0.5,Ribose,0.07031488576210047
Agrobacterium tumefaciens,1.0,Ribose,0.14062977152420128
Alcaligenes faecalis,1.0,Ribose,0.13318851795105596
Delftia acidovorans,1.0,Ribose,0.0
Pandoraea vervacti,1.0,Ribose,0.14062977152420128
Pantoea agglomerans,1.0,Ribose,0.13420191796907768
Pseudomonas asiatica,1.0,Ribose,0.13587427589484596
Pseudomonas delhiensis,1.0,Ribose,0.13655383102228105
Sphingomonas paucimobilis,1.0,Ribose,0.14062977152420095
Agrobacterium tumefaciens,4.0,Ribose,0.5625190860968048
Alcaligenes faecalis,4.0,Ribose,0.5327540718042232
Delftia acidovorans,4.0,Ribose,0.0
Pandoraea vervacti,4.0,Ribose,0.5625190860968051
Pantoea agglomerans,4.0,Ribose,0.5368076718763093
Pseudomonas asiatica,4.0,Ribose,0.5434971035793839
Pseudomonas delhiensis,4.0,Ribose,0.5462153240891242
Sphingomonas paucimobilis,4.0,Ribose,0.5625190860968038
Agrobacterium tumefaciens,2.0,Ribose,0.2812595430484024
Alcaligenes faecalis,2.0,Ribose,0.2663770359021116
Delftia acidovorans,2.0,Ribose,0.0
Pandoraea vervacti,2.0,Ribose,0.28125954304840256
Pantoea agglomerans,2.0,Ribose,0.26840383593815464
Pseudomonas asiatica,2.0,Ribose,0.27174855178969193
Pseudomonas delhiensis,2.0,Ribose,0.2731076620445621
Sphingomonas paucimobilis,2.0,Ribose,0.2812595430484019
Agrobacterium tumefaciens,8.0,Ribose,1.1250381721936096
Alcaligenes faecalis,8.0,Ribose,1.0655081436084488
Delftia acidovorans,8.0,Ribose,0.0
Pandoraea vervacti,8.0,Ribose,1.1250381721936102
Pantoea agglomerans,8.0,Ribose,1.0736153437526186
Pseudomonas asiatica,8.0,Ribose,1.0869942071587677
Pseudomonas delhiensis,8.0,Ribose,1.0924306481782518
Sphingomonas paucimobilis,8.0,Ribose,1.1250381721936076
Agrobacterium tumefaciens,0.25,Glycerol,0.034387889869692
Alcaligenes faecalis,0.25,Glycerol,0.03438647057369164
Delftia acidovorans,0.25,Glycerol,0.03438772867174443
Pandoraea vervacti,0.25,Glycerol,0.034387889869692025
Pantoea agglomerans,0.25,Glycerol,0.034386228797296005
Pseudomonas asiatica,0.25,Glycerol,0.034386631759844404
Pseudomonas delhiensis,0.25,Glycerol,0.03438788986969202
Sphingomonas paucimobilis,0.25,Glycerol,0.03438788986969209
Agrobacterium tumefaciens,0.5,Glycerol,0.06877577973938416
Alcaligenes faecalis,0.5,Glycerol,0.06877294114738333
Delftia acidovorans,0.5,Glycerol,0.068775457343489
Pandoraea vervacti,0.5,Glycerol,0.06877577973938405
Pantoea agglomerans,0.5,Glycerol,0.06877245759459212
Pseudomonas asiatica,0.5,Glycerol,0.06877326351968858
Pseudomonas delhiensis,0.5,Glycerol,0.06877577973938426
Sphingomonas paucimobilis,0.5,Glycerol,0.06877577973938395
Agrobacterium tumefaciens,1.0,Glycerol,0.1375515594787679
Alcaligenes faecalis,1.0,Glycerol,0.13754588229476666
Delftia acidovorans,1.0,Glycerol,0.13755091468697841
Pandoraea vervacti,1.0,Glycerol,0.1375515594787681
Pantoea agglomerans,1.0,Glycerol,0.13754491518918427
Pseudomonas asiatica,1.0,Glycerol,0.1375465270393774
Pseudomonas delhiensis,1.0,Glycerol,0.13755155947876813
Sphingomonas paucimobilis,1.0,Glycerol,0.1375515594787679
Agrobacterium tumefaciens,4.0,Glycerol,0.5502062379150754
Alcaligenes faecalis,4.0,Glycerol,0.5501835291790682
Delftia acidovorans,4.0,Glycerol,0.5502036587479114
Pandoraea vervacti,4.0,Glycerol,0.5502062379150724
Pantoea agglomerans,4.0,Glycerol,0.5501796607567351
Pseudomonas asiatica,4.0,Glycerol,0.5501861081575096
Pseudomonas delhiensis,4.0,Glycerol,0.5502062379150736
Sphingomonas paucimobilis,4.0,Glycerol,0.5502062379150716
Agrobacterium tumefaciens,2.0,Glycerol,0.2751031189575377
Alcaligenes faecalis,2.0,Glycerol,0.2750917645895341
Delftia acidovorans,2.0,Glycerol,0.2751018293739557
Pandoraea vervacti,2.0,Glycerol,0.2751031189575362
Pantoea agglomerans,2.0,Glycerol,0.27508983037836754
Pseudomonas asiatica,2.0,Glycerol,0.2750930540787548
Pseudomonas delhiensis,2.0,Glycerol,0.2751031189575368
Sphingomonas paucimobilis,2.0,Glycerol,0.2751031189575358
Agrobacterium tumefaciens,8.0,Glycerol,1.1004124758301472
Alcaligenes faecalis,8.0,Glycerol,1.1003670583581349
Delftia acidovorans,8.0,Glycerol,1.1004073174958229
Pandoraea vervacti,8.0,Glycerol,1.1004124758301448
Pantoea agglomerans,8.0,Glycerol,1.1003593215134702
Pseudomonas asiatica,8.0,Glycerol,1.1003722163150191
Pseudomonas delhiensis,8.0,Glycerol,1.1004124758301441
Sphingomonas paucimobilis,8.0,Glycerol,1.1004124758301432
Agrobacterium tumefaciens,0.25,Cellobiose,0.03700744539689444
Alcaligenes faecalis,0.25,Cellobiose,0.0
Delftia acidovorans,0.25,Cellobiose,0.0
Pandoraea vervacti,0.25,Cellobiose,0.03700744539689435
Pantoea agglomerans,0.25,Cellobiose,0.035315922777734696
Pseudomonas asiatica,0.25,Cellobiose,0.035756012340216026
Pseudomonas delhiensis,0.25,Cellobiose,0.03593484075613503
Sphingomonas paucimobilis,0.25,Cellobiose,0.03700744539689441
Agrobacterium tumefaciens,0.5,Cellobiose,0.07401489079378891
Alcaligenes faecalis,0.5,Cellobiose,0.0
Delftia acidovorans,0.5,Cellobiose,0.0
Pandoraea vervacti,0.5,Cellobiose,0.0740148907937887
Pantoea agglomerans,0.5,Cellobiose,0.07063184555546927
Pseudomonas asiatica,0.5,Cellobiose,0.07151202468043173
Pseudomonas delhiensis,0.5,Cellobiose,0.07186968151227008
Sphingomonas paucimobilis,0.5,Cellobiose,0.074014890793789
Agrobacterium tumefaciens,1.0,Cellobiose,0.14802978158757704
Alcaligenes faecalis,1.0,Cellobiose,0.0
Delftia acidovorans,1.0,Cellobiose,0.0
Pandoraea vervacti,1.0,Cellobiose,0.1480297815875774
Pantoea agglomerans,1.0,Cellobiose,0.14126369111093856
Pseudomonas asiatica,1.0,Cellobiose,0.14302404936086416
Pseudomonas delhiensis,1.0,Cellobiose,0.1437393630245403
Sphingomonas paucimobilis,1.0,Cellobiose,0.148029781587578
Agrobacterium tumefaciens,4.0,Cellobiose,0.592119126350313
Alcaligenes faecalis,4.0,Cellobiose,0.0
Delftia acidovorans,4.0,Cellobiose,0.0
Pandoraea vervacti,4.0,Cellobiose,0.5921191263503096
Pantoea agglomerans,4.0,Cellobiose,0.5650547644437531
Pseudomonas asiatica,4.0,Cellobiose,0.5720961974434566
Pseudomonas delhiensis,4.0,Cellobiose,0.5749574520981625
Sphingomonas paucimobilis,4.0,Cellobiose,0.592119126350312
Agrobacterium tumefaciens,2.0,Cellobiose,0.2960595631751565
Alcaligenes faecalis,2.0,Cellobiose,0.0
Delftia acidovorans,2.0,Cellobiose,0.0
Pandoraea vervacti,2.0,Cellobiose,0.2960595631751548
Pantoea agglomerans,2.0,Cellobiose,0.28252738222187734
Pseudomonas asiatica,2.0,Cellobiose,0.2860480987217283
Pseudomonas delhiensis,2.0,Cellobiose,0.28747872604908126
Sphingomonas paucimobilis,2.0,Cellobiose,0.296059563175156
Agrobacterium tumefaciens,8.0,Cellobiose,1.1842382527006292
Alcaligenes faecalis,8.0,Cellobiose,0.0
Delftia acidovorans,8.0,Cellobiose,0.0
Pandoraea vervacti,8.0,Cellobiose,1.1842382527006192
Pantoea agglomerans,8.0,Cellobiose,1.1301095288875063
Pseudomonas asiatica,8.0,Cellobiose,1.1441923948869133
Pseudomonas delhiensis,8.0,Cellobiose,1.1499149041963208
Sphingomonas paucimobilis,8.0,Cellobiose,1.184238252700624
Agrobacterium tumefaciens,0.25,Serine,0.03013523779464489
Alcaligenes faecalis,0.25,Serine,0.030133994018925303
Delftia acidovorans,0.25,Serine,0.030135096531586848
Pandoraea vervacti,0.25,Serine,0.030135237794645033
Pantoea agglomerans,0.25,Serine,0.023964856247856152
Pseudomonas asiatica,0.25,Serine,0.02426349443345371
Pseudomonas delhiensis,0.25,Serine,0.02438484471806911
Sphingomonas paucimobilis,0.25,Serine,0.0
Agrobacterium tumefaciens,0.5,Serine,0.06027047558928969
Alcaligenes faecalis,0.5,Serine,0.06026798803785067
Delftia acidovorans,0.5,Serine,0.060270193063174
Pandoraea vervacti,0.5,Serine,0.060270475589290065
Pantoea agglomerans,0.5,Serine,0.047929712495712325
Pseudomonas asiatica,0.5,Serine,0.04852698886690778
Pseudomonas delhiensis,0.5,Serine,0.048769689436138165
Sphingomonas paucimobilis,0.5,Serine,0.0
Agrobacterium tumefaciens,1.0,Serine,0.12054095117858024
Alcaligenes faecalis,1.0,Serine,0.12053597607570124
Delftia acidovorans,1.0,Serine,0.12054038612634779
Pandoraea vervacti,1.0,Serine,0.12054095117858013
Pantoea agglomerans,1.0,Serine,0.0958594249914247
Pseudomonas asiatica,1.0,Serine,0.09705397773381479
Pseudomonas delhiensis,1.0,Serine,0.09753937887227614
Sphingomonas paucimobilis,1.0,Serine,0.0
Agrobacterium tumefaciens,4.0,Serine,0.4821638047143217
Alcaligenes faecalis,4.0,Serine,0.48214390430280435
Delftia acidovorans,4.0,Serine,0.4821615445053919
Pandoraea vervacti,4.0,Serine,0.4821638047143205
Pantoea agglomerans,4.0,Serine,0.38343769996569793
Pseudomonas asiatica,4.0,Serine,0.3882159109352598
Pseudomonas delhiensis,4.0,Serine,0.3901575154891048
Sphingomonas paucimobilis,4.0,Serine,0.0
Agrobacterium tumefaciens,2.0,Serine,0.24108190235716084
Alcaligenes faecalis,2.0,Serine,0.24107195215140217
Delftia acidovorans,2.0,Serine,0.24108077225269595
Pandoraea vervacti,2.0,Serine,0.24108190235716026
Pantoea agglomerans,2.0,Serine,0.19171884998284947
Pseudomonas asiatica,2.0,Serine,0.1941079554676299
Pseudomonas delhiensis,2.0,Serine,0.1950787577445524
Sphingomonas paucimobilis,2.0,Serine,0.0
Agrobacterium tumefaciens,8.0,Serine,0.9643276094286418
Alcaligenes faecalis,8.0,Serine,0.9642878086056114
Delftia acidovorans,8.0,Serine,0.9643230890107838
Pandoraea vervacti,8.0,Serine,0.964327609428641
Pantoea agglomerans,8.0,Serine,0.7668753999313959
Pseudomonas asiatica,8.0,Serine,0.7764318218705196
Pseudomonas delhiensis,8.0,Serine,0.780315030978211
Sphingomonas paucimobilis,8.0,Serine,0.0
Agrobacterium tumefaciens,0.25,Isoleucine,0.04828714095965891
Alcaligenes faecalis,0.25,Isoleucine,0.037852195953525326
Delftia acidovorans,0.25,Isoleucine,0.03785271292458038
Pandoraea vervacti,0.25,Isoleucine,0.03785417025621726
Pantoea agglomerans,0.25,Isoleucine,0.012482863591596147
Pseudomonas asiatica,0.25,Isoleucine,0.0366737385670385
Pseudomonas delhiensis,0.25,Isoleucine,0.048287140959659025
Sphingomonas paucimobilis,0.25,Isoleucine,0.04828714095965926
Agrobacterium tumefaciens,0.5,Isoleucine,0.0965742819193184
Alcaligenes faecalis,0.5,Isoleucine,0.07570439190705082
Delftia acidovorans,0.5,Isoleucine,0.0757054258491609
Pandoraea vervacti,0.5,Isoleucine,0.07570834051243452
Pantoea agglomerans,0.5,Isoleucine,0.02496572718319236
Pseudomonas asiatica,0.5,Isoleucine,0.07334747713407685
Pseudomonas delhiensis,0.5,Isoleucine,0.09657428191931816
Sphingomonas paucimobilis,0.5,Isoleucine,0.0965742819193185
Agrobacterium tumefaciens,1.0,Isoleucine,0.19314856383863527
Alcaligenes faecalis,1.0,Isoleucine,0.1514087838141012
Delftia acidovorans,1.0,Isoleucine,0.1514108516983217
Pandoraea vervacti,1.0,Isoleucine,0.15141668102486905
Pantoea agglomerans,1.0,Isoleucine,0.0499314543663848
Pseudomonas asiatica,1.0,Isoleucine,0.14669495426815396
Pseudomonas delhiensis,1.0,Isoleucine,0.19314856383863563
Sphingomonas paucimobilis,1.0,Isoleucine,0.193148563838637
Agrobacterium tumefaciens,4.0,Isoleucine,0.7725942553545473
Alcaligenes faecalis,4.0,Isoleucine,0.6056351352564048
Delftia acidovorans,4.0,Isoleucine,0.6056434067932882
Pandoraea vervacti,4.0,Isoleucine,0.6056667240994762
Pantoea agglomerans,4.0,Isoleucine,0.1997258174655393
Pseudomonas asiatica,4.0,Isoleucine,0.5867798170726124
Pseudomonas delhiensis,4.0,Isoleucine,0.7725942553545432
Sphingomonas paucimobilis,4.0,Isoleucine,0.772594255354548
Agrobacterium tumefaciens,2.0,Isoleucine,0.38629712767727364
Alcaligenes faecalis,2.0,Isoleucine,0.3028175676282024
Delftia acidovorans,2.0,Isoleucine,0.3028217033966441
Pandoraea vervacti,2.0,Isoleucine,0.3028333620497381
Pantoea agglomerans,2.0,Isoleucine,0.09986290873276961
Pseudomonas asiatica,2.0,Isoleucine,0.2933899085363062
Pseudomonas delhiensis,2.0,Isoleucine,0.3862971276772716
Sphingomonas paucimobilis,2.0,Isoleucine,0.386297127677274
Agrobacterium tumefaciens,8.0,Isoleucine,1.5451885107090904
Alcaligenes faecalis,8.0,Isoleucine,1.2112702705128129
Delftia acidovorans,8.0,Isoleucine,1.2112868135865764
Pandoraea vervacti,8.0,Isoleucine,1.2113334481989524
Pantoea agglomerans,8.0,Isoleucine,0.3994516349310786
Pseudomonas asiatica,8.0,Isoleucine,1.1735596341452248
Pseudomonas delhiensis,8.0,Isoleucine,1.5451885107090924
Sphingomonas paucimobilis,8.0,Isoleucine,1.545188510709096
Agrobacterium tumefaciens,0.25,Sorbitol,0.03476875599538057
Alcaligenes faecalis,0.25,Sorbitol,0.03201431478837166
Delftia acidovorans,0.25,Sorbitol,0.03476859301207082
Pandoraea vervacti,0.25,Sorbitol,0.034768755995380575
Pantoea agglomerans,0.25,Sorbitol,0.03476707652562999
Pseudomonas asiatica,0.25,Sorbitol,0.0347674839512258
Pseudomonas delhiensis,0.25,Sorbitol,0.0
Sphingomonas paucimobilis,0.25,Sorbitol,0.03476875599538074
Agrobacterium tumefaciens,0.5,Sorbitol,0.06953751199076134
Alcaligenes faecalis,0.5,Sorbitol,0.06402862957674323
Delftia acidovorans,0.5,Sorbitol,0.06953718602414188
Pandoraea vervacti,0.5,Sorbitol,0.06953751199076115
Pantoea agglomerans,0.5,Sorbitol,0.06953415305125978
Pseudomonas asiatica,0.5,Sorbitol,0.06953496790245148
Pseudomonas delhiensis,0.5,Sorbitol,0.0
Sphingomonas paucimobilis,0.5,Sorbitol,0.06953751199076108
Agrobacterium tumefaciens,1.0,Sorbitol,0.13907502398152236
Alcaligenes faecalis,1.0,Sorbitol,0.12805725915348687
Delftia acidovorans,1.0,Sorbitol,0.13907437204828343
Pandoraea vervacti,1.0,Sorbitol,0.1390750239815223
Pantoea agglomerans,1.0,Sorbitol,0.13906830610251988
Pseudomonas asiatica,1.0,Sorbitol,0.13906993580490273
Pseudomonas delhiensis,1.0,Sorbitol,0.0
Sphingomonas paucimobilis,1.0,Sorbitol,0.13907502398152216
Agrobacterium tumefaciens,4.0,Sorbitol,0.556300095926089
Alcaligenes faecalis,4.0,Sorbitol,0.5122290366139477
Delftia acidovorans,4.0,Sorbitol,0.5562974881931351
Pandoraea vervacti,4.0,Sorbitol,0.5563000959260892
Pantoea agglomerans,4.0,Sorbitol,0.5562732244100792
Pseudomonas asiatica,4.0,Sorbitol,0.5562797432196104
Pseudomonas delhiensis,4.0,Sorbitol,0.0
Sphingomonas paucimobilis,4.0,Sorbitol,0.5563000959260886
Agrobacterium tumefaciens,2.0,Sorbitol,0.2781500479630445
Alcaligenes faecalis,2.0,Sorbitol,0.25611451830697385
Delftia acidovorans,2.0,Sorbitol,0.27814874409656754
Pandoraea vervacti,2.0,Sorbitol,0.2781500479630446
Pantoea agglomerans,2.0,Sorbitol,0.27813661220503944
Pseudomonas asiatica,2.0,Sorbitol,0.2781398716098052
Pseudomonas delhiensis,2.0,Sorbitol,0.0
Sphingomonas paucimobilis,2.0,Sorbitol,0.2781500479630443
Agrobacterium tumefaciens,8.0,Sorbitol,1.1126001918521762
Alcaligenes faecalis,8.0,Sorbitol,1.0244580732278943
Delftia acidovorans,8.0,Sorbitol,1.1125949763862701
Pandoraea vervacti,8.0,Sorbitol,1.1126001918521784
Pantoea agglomerans,8.0,Sorbitol,1.1125464488201584
Pseudomonas asiatica,8.0,Sorbitol,1.1125594864392208
Pseudomonas delhiensis,8.0,Sorbitol,0.0
Sphingomonas paucimobilis,8.0,Sorbitol,1.1126001918521773
Agrobacterium tumefaciens,0.25,Uridine,0.0
Alcaligenes faecalis,0.25,Uridine,0.0
Delftia acidovorans,0.25,Uridine,0.0
Pandoraea vervacti,0.25,Uridine,0.029413488713464588
Pantoea agglomerans,0.25,Uridine,0.026389734976717625
Pseudomonas asiatica,0.25,Uridine,0.028495536805051944
Pseudomonas delhiensis,0.25,Uridine,0.0
Sphingomonas paucimobilis,0.25,Uridine,0.0
Agrobacterium tumefaciens,0.5,Uridine,0.0
Alcaligenes faecalis,0.5,Uridine,0.0
Delftia acidovorans,0.5,Uridine,0.0
Pandoraea vervacti,0.5,Uridine,0.058826977426929175
Pantoea agglomerans,0.5,Uridine,0.05277946995343522
Pseudomonas asiatica,0.5,Uridine,0.05699107361010399
Pseudomonas delhiensis,0.5,Uridine,0.0
Sphingomonas paucimobilis,0.5,Uridine,0.0
Agrobacterium tumefaciens,1.0,Uridine,0.0
Alcaligenes faecalis,1.0,Uridine,0.0
Delftia acidovorans,1.0,Uridine,0.0
Pandoraea vervacti,1.0,Uridine,0.11765395485385835
Pantoea agglomerans,1.0,Uridine,0.10555893990687046
Pseudomonas asiatica,1.0,Uridine,0.11398214722020754
Pseudomonas delhiensis,1.0,Uridine,0.0
Sphingomonas paucimobilis,1.0,Uridine,0.0
Agrobacterium tumefaciens,4.0,Uridine,0.0
Alcaligenes faecalis,4.0,Uridine,0.0
Delftia acidovorans,4.0,Uridine,0.0
Pandoraea vervacti,4.0,Uridine,0.4706158194154334
Pantoea agglomerans,4.0,Uridine,0.4222357596274819
Pseudomonas asiatica,4.0,Uridine,0.45592858888083193
Pseudomonas delhiensis,4.0,Uridine,0.0
Sphingomonas paucimobilis,4.0,Uridine,0.0
Agrobacterium tumefaciens,2.0,Uridine,0.0
Alcaligenes faecalis,2.0,Uridine,0.0
Delftia acidovorans,2.0,Uridine,0.0
Pandoraea vervacti,2.0,Uridine,0.2353079097077167
Pantoea agglomerans,2.0,Uridine,0.2111178798137412
Pseudomonas asiatica,2.0,Uridine,0.22796429444041597
Pseudomonas delhiensis,2.0,Uridine,0.0
Sphingomonas paucimobilis,2.0,Uridine,0.0
Agrobacterium tumefaciens,8.0,Uridine,0.0
Alcaligenes faecalis,8.0,Uridine,0.0
Delftia acidovorans,8.0,Uridine,0.0
Pandoraea vervacti,8.0,Uridine,0.9412316388308668
Pantoea agglomerans,8.0,Uridine,0.8444715192549638
Pseudomonas asiatica,8.0,Uridine,0.9118571777616639
Pseudomonas delhiensis,8.0,Uridine,0.0
Sphingomonas paucimobilis,8.0,Uridine,0.0
Agrobacterium tumefaciens,0.25,Raffinose,0.025112449244121662
Alcaligenes faecalis,0.25,Raffinose,0.0
Delftia acidovorans,0.25,Raffinose,0.0
Pandoraea vervacti,0.25,Raffinose,0.0
Pantoea agglomerans,0.25,Raffinose,0.0
Pseudomonas asiatica,0.25,Raffinose,0.0
Pseudomonas delhiensis,0.25,Raffinose,0.0
Sphingomonas paucimobilis,0.25,Raffinose,0.03766867386618226
Agrobacterium tumefaciens,0.5,Raffinose,0.050224898488243123
Alcaligenes faecalis,0.5,Raffinose,0.0
Delftia acidovorans,0.5,Raffinose,0.0
Pandoraea vervacti,0.5,Raffinose,0.0
Pantoea agglomerans,0.5,Raffinose,0.0
Pseudomonas asiatica,0.5,Raffinose,0.0
Pseudomonas delhiensis,0.5,Raffinose,0.0
Sphingomonas paucimobilis,0.5,Raffinose,0.07533734773236485
Agrobacterium tumefaciens,1.0,Raffinose,0.10044979697648669
Alcaligenes faecalis,1.0,Raffinose,0.0
Delftia acidovorans,1.0,Raffinose,0.0
Pandoraea vervacti,1.0,Raffinose,0.0
Pantoea agglomerans,1.0,Raffinose,0.0
Pseudomonas asiatica,1.0,Raffinose,0.0
Pseudomonas delhiensis,1.0,Raffinose,0.0
Sphingomonas paucimobilis,1.0,Raffinose,0.1506746954647297
Agrobacterium tumefaciens,4.0,Raffinose,0.4017991879059463
Alcaligenes faecalis,4.0,Raffinose,0.0
Delftia acidovorans,4.0,Raffinose,0.0
Pandoraea vervacti,4.0,Raffinose,0.0
Pantoea agglomerans,4.0,Raffinose,0.0
Pseudomonas asiatica,4.0,Raffinose,0.0
Pseudomonas delhiensis,4.0,Raffinose,0.0
Sphingomonas paucimobilis,4.0,Raffinose,0.6026987818589188
Agrobacterium tumefaciens,2.0,Raffinose,0.20089959395297316
Alcaligenes faecalis,2.0,Raffinose,0.0
Delftia acidovorans,2.0,Raffinose,0.0
Pandoraea vervacti,2.0,Raffinose,0.0
Pantoea agglomerans,2.0,Raffinose,0.0
Pseudomonas asiatica,2.0,Raffinose,0.0
Pseudomonas delhiensis,2.0,Raffinose,0.0
Sphingomonas paucimobilis,2.0,Raffinose,0.3013493909294594
Agrobacterium tumefaciens,8.0,Raffinose,0.803598375811888
Alcaligenes faecalis,8.0,Raffinose,0.0
Delftia acidovorans,8.0,Raffinose,0.0
Pandoraea vervacti,8.0,Raffinose,0.0
Pantoea agglomerans,8.0,Raffinose,0.0
Pseudomonas asiatica,8.0,Raffinose,0.0
Pseudomonas delhiensis,8.0,Raffinose,0.0
Sphingomonas paucimobilis,8.0,Raffinose,1.2053975637178376
