species,carbon,number_nzfmtb_ca,cs_flux,growth,theta_rank,growthability
Agrobacterium tumefaciens,Succinate,273.0,0.25,0.03637933591613374,0,1
Agrobacterium tumefaciens,Alanine,272.0,0.25,0.03554733572611116,1,1
Agrobacterium tumefaciens,Glutamine,278.0,0.25,0.036117332008567676,2,0
Agrobacterium tumefaciens,Proline,288.0,0.25,0.04584545209530143,3,0
Agrobacterium tumefaciens,Acetate,287.0,0.25,0.03576007384642332,4,1
Agrobacterium tumefaciens,Mannitol,296.0,0.25,0.034768755995380554,5,1
Agrobacterium tumefaciens,Citrate,304.0,0.25,0.033490325287528204,6,0
Agrobacterium tumefaciens,Glucose,288.0,0.25,0.03515744288105008,7,1
Agrobacterium tumefaciens,Ribose,314.0,0.25,0.03515744288105028,8,1
Agrobacterium tumefaciens,Glycerol,276.0,0.25,0.034387889869692,9,1
Agrobacterium tumefaciens,Cellobiose,303.0,0.25,0.03700744539689444,10,1
Agrobacterium tumefaciens,Serine,285.0,0.25,0.03013523779464489,11,0
Agrobacterium tumefaciens,Isoleucine,289.0,0.25,0.04828714095965891,12,0
Agrobacterium tumefaciens,Sorbitol,285.0,0.25,0.03476875599538057,13,1
Agrobacterium tumefaciens,Uridine,,0.25,0.0,14,0
Agrobacterium tumefaciens,Raffinose,305.0,0.25,0.025112449244121662,15,0
Alcaligenes faecalis,Succinate,271.0,0.25,0.028216454264707726,0,1
Alcaligenes faecalis,Alanine,271.0,0.25,0.03554586857614615,1,1
Alcaligenes faecalis,Glutamine,266.0,0.25,0.03361588729818617,2,1
Alcaligenes faecalis,Proline,258.0,0.25,0.04267024902073252,3,1
Alcaligenes faecalis,Acetate,269.0,0.25,0.027736143686522965,4,1
Alcaligenes faecalis,Mannitol,290.0,0.25,0.032014314788371766,5,0
Alcaligenes faecalis,Citrate,272.0,0.25,0.025975686691043567,6,1
Alcaligenes faecalis,Glucose,280.0,0.25,0.03237220922421504,7,0
Alcaligenes faecalis,Ribose,276.0,0.25,0.03329712948776398,8,0
Alcaligenes faecalis,Glycerol,286.0,0.25,0.03438647057369164,9,0
Alcaligenes faecalis,Cellobiose,,0.25,0.0,10,0
Alcaligenes faecalis,Serine,284.0,0.25,0.030133994018925303,11,0
Alcaligenes faecalis,Isoleucine,267.0,0.25,0.037852195953525326,12,1
Alcaligenes faecalis,Sorbitol,264.0,0.25,0.03201431478837166,13,0
Alcaligenes faecalis,Uridine,,0.25,0.0,14,0
Alcaligenes faecalis,Raffinose,,0.25,0.0,15,0
Delftia acidovorans,Succinate,264.0,0.25,0.0282168355636564,0,1
Delftia acidovorans,Alanine,292.0,0.25,0.035547169093102356,1,1
Delftia acidovorans,Glutamine,264.0,0.25,0.03361634156158764,2,1
Delftia acidovorans,Proline,273.0,0.25,0.04267082563893345,3,1
Delftia acidovorans,Acetate,268.0,0.25,0.027736518494864554,4,1
Delftia acidovorans,Mannitol,272.0,0.25,0.03476859301207089,5,1
Delftia acidovorans,Citrate,272.0,0.25,0.025976037709705798,6,1
Delftia acidovorans,Glucose,281.0,0.25,0.03515727807571738,7,0
Delftia acidovorans,Ribose,,0.25,0.0,8,1
Delftia acidovorans,Glycerol,274.0,0.25,0.03438772867174443,9,1
Delftia acidovorans,Cellobiose,,0.25,0.0,10,0
Delftia acidovorans,Serine,281.0,0.25,0.030135096531586848,11,0
Delftia acidovorans,Isoleucine,281.0,0.25,0.03785271292458038,12,1
Delftia acidovorans,Sorbitol,300.0,0.25,0.03476859301207082,13,0
Delftia acidovorans,Uridine,,0.25,0.0,14,0
Delftia acidovorans,Raffinose,,0.25,0.0,15,0
Pandoraea vervacti,Succinate,282.0,0.25,0.028217910437596652,0,1
Pandoraea vervacti,Alanine,280.0,0.25,0.035547335726111184,1,1
Pandoraea vervacti,Glutamine,272.0,0.25,0.033617622120827646,2,1
Pandoraea vervacti,Proline,274.0,0.25,0.04267245111385172,3,1
Pandoraea vervacti,Acetate,275.0,0.25,0.02773757507191602,4,1
Pandoraea vervacti,Mannitol,280.0,0.25,0.03476875599538054,5,1
Pandoraea vervacti,Citrate,271.0,0.25,0.025977027224137327,6,1
Pandoraea vervacti,Glucose,267.0,0.25,0.0351574428810502,7,0
Pandoraea vervacti,Ribose,284.0,0.25,0.03515744288105032,8,1
Pandoraea vervacti,Glycerol,281.0,0.25,0.034387889869692025,9,1
Pandoraea vervacti,Cellobiose,285.0,0.25,0.03700744539689435,10,0
Pandoraea vervacti,Serine,272.0,0.25,0.030135237794645033,11,1
Pandoraea vervacti,Isoleucine,277.0,0.25,0.03785417025621726,12,1
Pandoraea vervacti,Sorbitol,298.0,0.25,0.034768755995380575,13,0
Pandoraea vervacti,Uridine,291.0,0.25,0.029413488713464588,14,0
Pandoraea vervacti,Raffinose,,0.25,0.0,15,0
Pantoea agglomerans,Succinate,265.0,0.25,0.02603739201951093,0,1
Pantoea agglomerans,Alanine,305.0,0.25,0.03392255125945277,1,1
Pantoea agglomerans,Glutamine,272.0,0.25,0.029593450399944182,2,1
Pantoea agglomerans,Proline,266.0,0.25,0.041355555031109506,3,1
Pantoea agglomerans,Acetate,267.0,0.25,0.02688157774803317,4,0
Pantoea agglomerans,Mannitol,275.0,0.25,0.03476707652562997,5,1
Pantoea agglomerans,Citrate,280.0,0.25,0.022867467066305006,6,1
Pantoea agglomerans,Glucose,272.0,0.25,0.03355047949226943,7,1
Pantoea agglomerans,Ribose,276.0,0.25,0.03355047949226934,8,1
Pantoea agglomerans,Glycerol,273.0,0.25,0.034386228797296005,9,1
Pantoea agglomerans,Cellobiose,278.0,0.25,0.035315922777734696,10,1
Pantoea agglomerans,Serine,268.0,0.25,0.023964856247856152,11,0
Pantoea agglomerans,Isoleucine,271.0,0.25,0.012482863591596147,12,0
Pantoea agglomerans,Sorbitol,269.0,0.25,0.03476707652562999,13,1
Pantoea agglomerans,Uridine,272.0,0.25,0.026389734976717625,14,1
Pantoea agglomerans,Raffinose,,0.25,0.0,15,0
Pseudomonas asiatica,Succinate,274.0,0.25,0.026361857120823496,0,1
Pseudomonas asiatica,Alanine,271.0,0.25,0.034345277315231744,1,1
Pseudomonas asiatica,Glutamine,268.0,0.25,0.028283139861880566,2,1
Pseudomonas asiatica,Proline,277.0,0.25,0.041355390843666504,3,1
Pseudomonas asiatica,Acetate,270.0,0.25,0.026881471024341155,4,1
Pseudomonas asiatica,Mannitol,273.0,0.25,0.034767483951225746,5,1
Pseudomonas asiatica,Citrate,259.0,0.25,0.021854963195655844,6,1
Pseudomonas asiatica,Glucose,268.0,0.25,0.033968568973711394,7,1
Pseudomonas asiatica,Ribose,272.0,0.25,0.0339685689737115,8,1
Pseudomonas asiatica,Glycerol,270.0,0.25,0.034386631759844404,9,1
Pseudomonas asiatica,Cellobiose,277.0,0.25,0.035756012340216026,10,1
Pseudomonas asiatica,Serine,263.0,0.25,0.02426349443345371,11,1
Pseudomonas asiatica,Isoleucine,262.0,0.25,0.0366737385670385,12,1
Pseudomonas asiatica,Sorbitol,276.0,0.25,0.0347674839512258,13,1
Pseudomonas asiatica,Uridine,259.0,0.25,0.028495536805051944,14,1
Pseudomonas asiatica,Raffinose,,0.25,0.0,15,0
Pseudomonas delhiensis,Succinate,269.0,0.25,0.02649370205657147,0,1
Pseudomonas delhiensis,Alanine,281.0,0.25,0.03451705014823496,1,1
Pseudomonas delhiensis,Glutamine,259.0,0.25,0.030320527332196,2,1
Pseudomonas delhiensis,Proline,267.0,0.25,0.045845452095301456,3,1
Pseudomonas delhiensis,Acetate,272.0,0.25,0.030216000507067294,4,1
Pseudomonas delhiensis,Mannitol,285.0,0.25,0.0347687559953806,5,1
Pseudomonas delhiensis,Citrate,261.0,0.25,0.02342929434829601,6,1
Pseudomonas delhiensis,Glucose,262.0,0.25,0.03413845775557019,7,1
Pseudomonas delhiensis,Ribose,281.0,0.25,0.034138457755570215,8,1
Pseudomonas delhiensis,Glycerol,273.0,0.25,0.03438788986969202,9,1
Pseudomonas delhiensis,Cellobiose,266.0,0.25,0.03593484075613503,10,1
Pseudomonas delhiensis,Serine,259.0,0.25,0.02438484471806911,11,0
Pseudomonas delhiensis,Isoleucine,278.0,0.25,0.048287140959659025,12,1
Pseudomonas delhiensis,Sorbitol,,0.25,0.0,13,0
Pseudomonas delhiensis,Uridine,,0.25,0.0,14,0
Pseudomonas delhiensis,Raffinose,,0.25,0.0,15,0
Sphingomonas paucimobilis,Succinate,282.0,0.25,0.036379335916133904,0,1
Sphingomonas paucimobilis,Alanine,272.0,0.25,0.03554733572611122,1,1
Sphingomonas paucimobilis,Glutamine,276.0,0.25,0.03611733200856762,2,1
Sphingomonas paucimobilis,Proline,275.0,0.25,0.04584545209530163,3,1
Sphingomonas paucimobilis,Acetate,292.0,0.25,0.03576007384642333,4,1
Sphingomonas paucimobilis,Mannitol,295.0,0.25,0.03476875599538066,5,1
Sphingomonas paucimobilis,Citrate,283.0,0.25,0.033490325287528266,6,1
Sphingomonas paucimobilis,Glucose,297.0,0.25,0.03515744288105022,7,1
Sphingomonas paucimobilis,Ribose,301.0,0.25,0.03515744288105019,8,1
Sphingomonas paucimobilis,Glycerol,288.0,0.25,0.03438788986969209,9,0
Sphingomonas paucimobilis,Cellobiose,291.0,0.25,0.03700744539689441,10,1
Sphingomonas paucimobilis,Serine,,0.25,0.0,11,0
Sphingomonas paucimobilis,Isoleucine,324.0,0.25,0.04828714095965926,12,1
Sphingomonas paucimobilis,Sorbitol,285.0,0.25,0.03476875599538074,13,0
Sphingomonas paucimobilis,Uridine,,0.25,0.0,14,0
Sphingomonas paucimobilis,Raffinose,300.0,0.25,0.03766867386618226,15,1
Agrobacterium tumefaciens,Succinate,263.0,0.5,0.07275867183226803,0,1
Agrobacterium tumefaciens,Alanine,280.0,0.5,0.07109467145222235,1,1
Agrobacterium tumefaciens,Glutamine,292.0,0.5,0.07223466401713526,2,0
Agrobacterium tumefaciens,Proline,266.0,0.5,0.09169090419060304,3,0
Agrobacterium tumefaciens,Acetate,286.0,0.5,0.07152014769284648,4,1
Agrobacterium tumefaciens,Mannitol,279.0,0.5,0.06953751199076112,5,1
Agrobacterium tumefaciens,Citrate,300.0,0.5,0.06698065057505612,6,0
Agrobacterium tumefaciens,Glucose,313.0,0.5,0.07031488576210006,7,1
Agrobacterium tumefaciens,Ribose,300.0,0.5,0.0703148857621006,8,1
Agrobacterium tumefaciens,Glycerol,280.0,0.5,0.06877577973938416,9,1
Agrobacterium tumefaciens,Cellobiose,327.0,0.5,0.07401489079378891,10,1
Agrobacterium tumefaciens,Serine,324.0,0.5,0.06027047558928969,11,0
Agrobacterium tumefaciens,Isoleucine,312.0,0.5,0.0965742819193184,12,0
Agrobacterium tumefaciens,Sorbitol,295.0,0.5,0.06953751199076134,13,1
Agrobacterium tumefaciens,Uridine,,0.5,0.0,14,0
Agrobacterium tumefaciens,Raffinose,296.0,0.5,0.050224898488243123,15,0
Alcaligenes faecalis,Succinate,271.0,0.5,0.05643290852941545,0,1
Alcaligenes faecalis,Alanine,271.0,0.5,0.0710917371522923,1,1
Alcaligenes faecalis,Glutamine,266.0,0.5,0.06723177459637233,2,1
Alcaligenes faecalis,Proline,263.0,0.5,0.08534049804146493,3,1
Alcaligenes faecalis,Acetate,259.0,0.5,0.05547228737304575,4,1
Alcaligenes faecalis,Mannitol,263.0,0.5,0.06402862957674339,5,0
Alcaligenes faecalis,Citrate,267.0,0.5,0.05195137338208715,6,1
Alcaligenes faecalis,Glucose,279.0,0.5,0.06474441844842983,7,0
Alcaligenes faecalis,Ribose,278.0,0.5,0.06659425897552786,8,0
Alcaligenes faecalis,Glycerol,272.0,0.5,0.06877294114738333,9,0
Alcaligenes faecalis,Cellobiose,,0.5,0.0,10,0
Alcaligenes faecalis,Serine,299.0,0.5,0.06026798803785067,11,0
Alcaligenes faecalis,Isoleucine,267.0,0.5,0.07570439190705082,12,1
Alcaligenes faecalis,Sorbitol,262.0,0.5,0.06402862957674323,13,0
Alcaligenes faecalis,Uridine,,0.5,0.0,14,0
Alcaligenes faecalis,Raffinose,,0.5,0.0,15,0
Delftia acidovorans,Succinate,266.0,0.5,0.05643367112731304,0,1
Delftia acidovorans,Alanine,282.0,0.5,0.07109433818620434,1,1
Delftia acidovorans,Glutamine,273.0,0.5,0.06723268312317526,2,1
Delftia acidovorans,Proline,271.0,0.5,0.08534165127786714,3,1
Delftia acidovorans,Acetate,283.0,0.5,0.055473036989729135,4,1
Delftia acidovorans,Mannitol,282.0,0.5,0.0695371860241417,5,1
Delftia acidovorans,Citrate,272.0,0.5,0.05195207541941157,6,1
Delftia acidovorans,Glucose,295.0,0.5,0.07031455615143493,7,0
Delftia acidovorans,Ribose,,0.5,0.0,8,1
Delftia acidovorans,Glycerol,295.0,0.5,0.068775457343489,9,1
Delftia acidovorans,Cellobiose,,0.5,0.0,10,0
Delftia acidovorans,Serine,280.0,0.5,0.060270193063174,11,0
Delftia acidovorans,Isoleucine,270.0,0.5,0.0757054258491609,12,1
Delftia acidovorans,Sorbitol,298.0,0.5,0.06953718602414188,13,0
Delftia acidovorans,Uridine,,0.5,0.0,14,0
Delftia acidovorans,Raffinose,,0.5,0.0,15,0
Pandoraea vervacti,Succinate,282.0,0.5,0.056435820875193304,0,1
Pandoraea vervacti,Alanine,280.0,0.5,0.07109467145222237,1,1
Pandoraea vervacti,Glutamine,272.0,0.5,0.06723524424165529,2,1
Pandoraea vervacti,Proline,274.0,0.5,0.08534490222770344,3,1
Pandoraea vervacti,Acetate,275.0,0.5,0.05547515014383204,4,1
Pandoraea vervacti,Mannitol,280.0,0.5,0.06953751199076108,5,1
Pandoraea vervacti,Citrate,271.0,0.5,0.05195405444827465,6,1
Pandoraea vervacti,Glucose,267.0,0.5,0.0703148857621004,7,0
Pandoraea vervacti,Ribose,284.0,0.5,0.07031488576210064,8,1
Pandoraea vervacti,Glycerol,281.0,0.5,0.06877577973938405,9,1
Pandoraea vervacti,Cellobiose,285.0,0.5,0.0740148907937887,10,0
Pandoraea vervacti,Serine,272.0,0.5,0.060270475589290065,11,1
Pandoraea vervacti,Isoleucine,277.0,0.5,0.07570834051243452,12,1
Pandoraea vervacti,Sorbitol,298.0,0.5,0.06953751199076115,13,0
Pandoraea vervacti,Uridine,291.0,0.5,0.058826977426929175,14,0
Pandoraea vervacti,Raffinose,,0.5,0.0,15,0
Pantoea agglomerans,Succinate,266.0,0.5,0.052074784039021924,0,1
Pantoea agglomerans,Alanine,262.0,0.5,0.06784510251890546,1,1
Pantoea agglomerans,Glutamine,270.0,0.5,0.0591869007998885,2,1
Pantoea agglomerans,Proline,269.0,0.5,0.08271111006221911,3,1
Pantoea agglomerans,Acetate,297.0,0.5,0.05376315549606627,4,0
Pantoea agglomerans,Mannitol,267.0,0.5,0.06953415305125987,5,1
Pantoea agglomerans,Citrate,269.0,0.5,0.04573493413260994,6,1
Pantoea agglomerans,Glucose,273.0,0.5,0.06710095898453879,7,1
Pantoea agglomerans,Ribose,263.0,0.5,0.06710095898453872,8,1
Pantoea agglomerans,Glycerol,269.0,0.5,0.06877245759459212,9,1
Pantoea agglomerans,Cellobiose,270.0,0.5,0.07063184555546927,10,1
Pantoea agglomerans,Serine,262.0,0.5,0.047929712495712325,11,0
Pantoea agglomerans,Isoleucine,285.0,0.5,0.02496572718319236,12,0
Pantoea agglomerans,Sorbitol,271.0,0.5,0.06953415305125978,13,1
Pantoea agglomerans,Uridine,274.0,0.5,0.05277946995343522,14,1
Pantoea agglomerans,Raffinose,,0.5,0.0,15,0
Pseudomonas asiatica,Succinate,274.0,0.5,0.05272371424164699,0,1
Pseudomonas asiatica,Alanine,271.0,0.5,0.06869055463046349,1,1
Pseudomonas asiatica,Glutamine,268.0,0.5,0.05656627972376113,2,1
Pseudomonas asiatica,Proline,277.0,0.5,0.08271078168733301,3,1
Pseudomonas asiatica,Acetate,270.0,0.5,0.05376294204868231,4,1
Pseudomonas asiatica,Mannitol,266.0,0.5,0.0695349679024518,5,1
Pseudomonas asiatica,Citrate,269.0,0.5,0.04370992639131166,6,1
Pseudomonas asiatica,Glucose,264.0,0.5,0.06793713794742298,7,1
Pseudomonas asiatica,Ribose,270.0,0.5,0.06793713794742295,8,1
Pseudomonas asiatica,Glycerol,269.0,0.5,0.06877326351968858,9,1
Pseudomonas asiatica,Cellobiose,283.0,0.5,0.07151202468043173,10,1
Pseudomonas asiatica,Serine,262.0,0.5,0.04852698886690778,11,1
Pseudomonas asiatica,Isoleucine,260.0,0.5,0.07334747713407685,12,1
Pseudomonas asiatica,Sorbitol,257.0,0.5,0.06953496790245148,13,1
Pseudomonas asiatica,Uridine,254.0,0.5,0.05699107361010399,14,1
Pseudomonas asiatica,Raffinose,,0.5,0.0,15,0
Pseudomonas delhiensis,Succinate,267.0,0.5,0.05298740411314307,0,1
Pseudomonas delhiensis,Alanine,261.0,0.5,0.06903410029646966,1,1
Pseudomonas delhiensis,Glutamine,266.0,0.5,0.060641054664392256,2,1
Pseudomonas delhiensis,Proline,258.0,0.5,0.09169090419060293,3,1
Pseudomonas delhiensis,Acetate,263.0,0.5,0.06043200101413465,4,1
Pseudomonas delhiensis,Mannitol,286.0,0.5,0.06953751199076107,5,1
Pseudomonas delhiensis,Citrate,267.0,0.5,0.04685858869659196,6,1
Pseudomonas delhiensis,Glucose,270.0,0.5,0.06827691551114029,7,1
Pseudomonas delhiensis,Ribose,286.0,0.5,0.06827691551114043,8,1
Pseudomonas delhiensis,Glycerol,284.0,0.5,0.06877577973938426,9,1
Pseudomonas delhiensis,Cellobiose,271.0,0.5,0.07186968151227008,10,1
Pseudomonas delhiensis,Serine,263.0,0.5,0.048769689436138165,11,0
Pseudomonas delhiensis,Isoleucine,273.0,0.5,0.09657428191931816,12,1
Pseudomonas delhiensis,Sorbitol,,0.5,0.0,13,0
Pseudomonas delhiensis,Uridine,,0.5,0.0,14,0
Pseudomonas delhiensis,Raffinose,,0.5,0.0,15,0
Sphingomonas paucimobilis,Succinate,278.0,0.5,0.07275867183226774,0,1
Sphingomonas paucimobilis,Alanine,285.0,0.5,0.07109467145222234,1,1
Sphingomonas paucimobilis,Glutamine,280.0,0.5,0.07223466401713512,2,1
Sphingomonas paucimobilis,Proline,284.0,0.5,0.09169090419060326,3,1
Sphingomonas paucimobilis,Acetate,277.0,0.5,0.07152014769284638,4,1
Sphingomonas paucimobilis,Mannitol,285.0,0.5,0.0695375119907613,5,1
Sphingomonas paucimobilis,Citrate,288.0,0.5,0.06698065057505641,6,1
Sphingomonas paucimobilis,Glucose,297.0,0.5,0.07031488576210045,7,1
Sphingomonas paucimobilis,Ribose,287.0,0.5,0.07031488576210047,8,1
Sphingomonas paucimobilis,Glycerol,272.0,0.5,0.06877577973938395,9,0
Sphingomonas paucimobilis,Cellobiose,298.0,0.5,0.074014890793789,10,1
Sphingomonas paucimobilis,Serine,,0.5,0.0,11,0
Sphingomonas paucimobilis,Isoleucine,280.0,0.5,0.0965742819193185,12,1
Sphingomonas paucimobilis,Sorbitol,283.0,0.5,0.06953751199076108,13,0
Sphingomonas paucimobilis,Uridine,,0.5,0.0,14,0
Sphingomonas paucimobilis,Raffinose,300.0,0.5,0.07533734773236485,15,1
Agrobacterium tumefaciens,Succinate,283.0,1.0,0.14551734366453617,0,1
Agrobacterium tumefaciens,Alanine,283.0,1.0,0.14218934290444463,1,1
Agrobacterium tumefaciens,Glutamine,315.0,1.0,0.14446932803427023,2,0
Agrobacterium tumefaciens,Proline,293.0,1.0,0.18338180838120652,3,0
Agrobacterium tumefaciens,Acetate,300.0,1.0,0.1430402953856927,4,1
Agrobacterium tumefaciens,Mannitol,305.0,1.0,0.13907502398152227,5,1
Agrobacterium tumefaciens,Citrate,323.0,1.0,0.13396130115011276,6,0
Agrobacterium tumefaciens,Glucose,308.0,1.0,0.14062977152420023,7,1
Agrobacterium tumefaciens,Ribose,295.0,1.0,0.14062977152420128,8,1
Agrobacterium tumefaciens,Glycerol,320.0,1.0,0.1375515594787679,9,1
Agrobacterium tumefaciens,Cellobiose,309.0,1.0,0.14802978158757704,10,1
Agrobacterium tumefaciens,Serine,333.0,1.0,0.12054095117858024,11,0
Agrobacterium tumefaciens,Isoleucine,322.0,1.0,0.19314856383863527,12,0
Agrobacterium tumefaciens,Sorbitol,303.0,1.0,0.13907502398152236,13,1
Agrobacterium tumefaciens,Uridine,,1.0,0.0,14,0
Agrobacterium tumefaciens,Raffinose,317.0,1.0,0.10044979697648669,15,0
Alcaligenes faecalis,Succinate,271.0,1.0,0.1128658170588309,0,1
Alcaligenes faecalis,Alanine,271.0,1.0,0.1421834743045846,1,1
Alcaligenes faecalis,Glutamine,266.0,1.0,0.13446354919274467,2,1
Alcaligenes faecalis,Proline,278.0,1.0,0.17068099608292997,3,1
Alcaligenes faecalis,Acetate,263.0,1.0,0.11094457474609139,4,1
Alcaligenes faecalis,Mannitol,274.0,1.0,0.12805725915348673,5,0
Alcaligenes faecalis,Citrate,258.0,1.0,0.10390274676417376,6,1
Alcaligenes faecalis,Glucose,259.0,1.0,0.12948883689685992,7,0
Alcaligenes faecalis,Ribose,258.0,1.0,0.13318851795105596,8,0
Alcaligenes faecalis,Glycerol,267.0,1.0,0.13754588229476666,9,0
Alcaligenes faecalis,Cellobiose,,1.0,0.0,10,0
Alcaligenes faecalis,Serine,256.0,1.0,0.12053597607570124,11,0
Alcaligenes faecalis,Isoleucine,278.0,1.0,0.1514087838141012,12,1
Alcaligenes faecalis,Sorbitol,274.0,1.0,0.12805725915348687,13,0
Alcaligenes faecalis,Uridine,,1.0,0.0,14,0
Alcaligenes faecalis,Raffinose,,1.0,0.0,15,0
Delftia acidovorans,Succinate,266.0,1.0,0.11286734225462608,0,1
Delftia acidovorans,Alanine,282.0,1.0,0.14218867637240867,1,1
Delftia acidovorans,Glutamine,273.0,1.0,0.13446536624635053,2,1
Delftia acidovorans,Proline,271.0,1.0,0.17068330255573427,3,1
Delftia acidovorans,Acetate,270.0,1.0,0.11094607397945809,4,1
Delftia acidovorans,Mannitol,271.0,1.0,0.13907437204828305,5,1
Delftia acidovorans,Citrate,273.0,1.0,0.10390415083882341,6,1
Delftia acidovorans,Glucose,271.0,1.0,0.14062911230286948,7,0
Delftia acidovorans,Ribose,,1.0,0.0,8,1
Delftia acidovorans,Glycerol,273.0,1.0,0.13755091468697841,9,1
Delftia acidovorans,Cellobiose,,1.0,0.0,10,0
Delftia acidovorans,Serine,274.0,1.0,0.12054038612634779,11,0
Delftia acidovorans,Isoleucine,275.0,1.0,0.1514108516983217,12,1
Delftia acidovorans,Sorbitol,289.0,1.0,0.13907437204828343,13,0
Delftia acidovorans,Uridine,,1.0,0.0,14,0
Delftia acidovorans,Raffinose,,1.0,0.0,15,0
Pandoraea vervacti,Succinate,282.0,1.0,0.11287164175038661,0,1
Pandoraea vervacti,Alanine,280.0,1.0,0.14218934290444474,1,1
Pandoraea vervacti,Glutamine,272.0,1.0,0.13447048848331059,2,1
Pandoraea vervacti,Proline,274.0,1.0,0.17068980445540688,3,1
Pandoraea vervacti,Acetate,275.0,1.0,0.11095030028766407,4,1
Pandoraea vervacti,Mannitol,280.0,1.0,0.13907502398152216,5,1
Pandoraea vervacti,Citrate,271.0,1.0,0.1039081088965493,6,1
Pandoraea vervacti,Glucose,267.0,1.0,0.1406297715242008,7,0
Pandoraea vervacti,Ribose,284.0,1.0,0.14062977152420128,8,1
Pandoraea vervacti,Glycerol,281.0,1.0,0.1375515594787681,9,1
Pandoraea vervacti,Cellobiose,285.0,1.0,0.1480297815875774,10,0
Pandoraea vervacti,Serine,272.0,1.0,0.12054095117858013,11,1
Pandoraea vervacti,Isoleucine,277.0,1.0,0.15141668102486905,12,1
Pandoraea vervacti,Sorbitol,298.0,1.0,0.1390750239815223,13,0
Pandoraea vervacti,Uridine,291.0,1.0,0.11765395485385835,14,0
Pandoraea vervacti,Raffinose,,1.0,0.0,15,0
Pantoea agglomerans,Succinate,266.0,1.0,0.10414956807804385,0,1
Pantoea agglomerans,Alanine,262.0,1.0,0.13569020503781093,1,1
Pantoea agglomerans,Glutamine,270.0,1.0,0.11837380159977708,2,1
Pantoea agglomerans,Proline,267.0,1.0,0.16542222012443727,3,1
Pantoea agglomerans,Acetate,269.0,1.0,0.1075263109921326,4,0
Pantoea agglomerans,Mannitol,269.0,1.0,0.13906830610251972,5,1
Pantoea agglomerans,Citrate,269.0,1.0,0.09146986826521972,6,1
Pantoea agglomerans,Glucose,270.0,1.0,0.1342019179690774,7,1
Pantoea agglomerans,Ribose,278.0,1.0,0.13420191796907768,8,1
Pantoea agglomerans,Glycerol,272.0,1.0,0.13754491518918427,9,1
Pantoea agglomerans,Cellobiose,271.0,1.0,0.14126369111093856,10,1
Pantoea agglomerans,Serine,263.0,1.0,0.0958594249914247,11,0
Pantoea agglomerans,Isoleucine,257.0,1.0,0.0499314543663848,12,0
Pantoea agglomerans,Sorbitol,264.0,1.0,0.13906830610251988,13,1
Pantoea agglomerans,Uridine,300.0,1.0,0.10555893990687046,14,1
Pantoea agglomerans,Raffinose,,1.0,0.0,15,0
Pseudomonas asiatica,Succinate,274.0,1.0,0.10544742848329398,0,1
Pseudomonas asiatica,Alanine,271.0,1.0,0.13738110926092698,1,1
Pseudomonas asiatica,Glutamine,268.0,1.0,0.11313255944752226,2,1
Pseudomonas asiatica,Proline,277.0,1.0,0.16542156337466601,3,1
Pseudomonas asiatica,Acetate,270.0,1.0,0.10752588409736462,4,1
Pseudomonas asiatica,Mannitol,268.0,1.0,0.13906993580490254,5,1
Pseudomonas asiatica,Citrate,274.0,1.0,0.08741985278262385,6,1
Pseudomonas asiatica,Glucose,265.0,1.0,0.1358742758948461,7,1
Pseudomonas asiatica,Ribose,272.0,1.0,0.13587427589484596,8,1
Pseudomonas asiatica,Glycerol,293.0,1.0,0.1375465270393774,9,1
Pseudomonas asiatica,Cellobiose,277.0,1.0,0.14302404936086416,10,1
Pseudomonas asiatica,Serine,268.0,1.0,0.09705397773381479,11,1
Pseudomonas asiatica,Isoleucine,264.0,1.0,0.14669495426815396,12,1
Pseudomonas asiatica,Sorbitol,276.0,1.0,0.13906993580490273,13,1
Pseudomonas asiatica,Uridine,273.0,1.0,0.11398214722020754,14,1
Pseudomonas asiatica,Raffinose,,1.0,0.0,15,0
Pseudomonas delhiensis,Succinate,266.0,1.0,0.10597480822628616,0,1
Pseudomonas delhiensis,Alanine,262.0,1.0,0.13806820059293992,1,1
Pseudomonas delhiensis,Glutamine,254.0,1.0,0.12128210932878446,2,1
Pseudomonas delhiensis,Proline,267.0,1.0,0.18338180838120616,3,1
Pseudomonas delhiensis,Acetate,267.0,1.0,0.12086400202826916,4,1
Pseudomonas delhiensis,Mannitol,280.0,1.0,0.13907502398152244,5,1
Pseudomonas delhiensis,Citrate,268.0,1.0,0.09371717739318426,6,1
Pseudomonas delhiensis,Glucose,268.0,1.0,0.13655383102228105,7,1
Pseudomonas delhiensis,Ribose,272.0,1.0,0.13655383102228105,8,1
Pseudomonas delhiensis,Glycerol,280.0,1.0,0.13755155947876813,9,1
Pseudomonas delhiensis,Cellobiose,288.0,1.0,0.1437393630245403,10,1
Pseudomonas delhiensis,Serine,270.0,1.0,0.09753937887227614,11,0
Pseudomonas delhiensis,Isoleucine,260.0,1.0,0.19314856383863563,12,1
Pseudomonas delhiensis,Sorbitol,,1.0,0.0,13,0
Pseudomonas delhiensis,Uridine,,1.0,0.0,14,0
Pseudomonas delhiensis,Raffinose,,1.0,0.0,15,0
Sphingomonas paucimobilis,Succinate,278.0,1.0,0.14551734366453548,0,1
Sphingomonas paucimobilis,Alanine,285.0,1.0,0.14218934290444468,1,1
Sphingomonas paucimobilis,Glutamine,280.0,1.0,0.14446932803427023,2,1
Sphingomonas paucimobilis,Proline,284.0,1.0,0.18338180838120652,3,1
Sphingomonas paucimobilis,Acetate,277.0,1.0,0.14304029538569277,4,1
Sphingomonas paucimobilis,Mannitol,285.0,1.0,0.1390750239815226,5,1
Sphingomonas paucimobilis,Citrate,288.0,1.0,0.13396130115011282,6,1
Sphingomonas paucimobilis,Glucose,297.0,1.0,0.1406297715242009,7,1
Sphingomonas paucimobilis,Ribose,287.0,1.0,0.14062977152420095,8,1
Sphingomonas paucimobilis,Glycerol,272.0,1.0,0.1375515594787679,9,0
Sphingomonas paucimobilis,Cellobiose,298.0,1.0,0.148029781587578,10,1
Sphingomonas paucimobilis,Serine,,1.0,0.0,11,0
Sphingomonas paucimobilis,Isoleucine,280.0,1.0,0.193148563838637,12,1
Sphingomonas paucimobilis,Sorbitol,283.0,1.0,0.13907502398152216,13,0
Sphingomonas paucimobilis,Uridine,,1.0,0.0,14,0
Sphingomonas paucimobilis,Raffinose,300.0,1.0,0.1506746954647297,15,1
Agrobacterium tumefaciens,Succinate,281.0,4.0,0.5820693746581422,0,1
Agrobacterium tumefaciens,Alanine,284.0,4.0,0.5687573716177778,1,1
Agrobacterium tumefaciens,Glutamine,279.0,4.0,0.5778773121370826,2,0
Agrobacterium tumefaciens,Proline,286.0,4.0,0.7335272335248245,3,0
Agrobacterium tumefaciens,Acetate,294.0,4.0,0.5721611815427713,4,1
Agrobacterium tumefaciens,Mannitol,322.0,4.0,0.5563000959260898,5,1
Agrobacterium tumefaciens,Citrate,281.0,4.0,0.5358452046004515,6,0
Agrobacterium tumefaciens,Glucose,303.0,4.0,0.5625190860968053,7,1
Agrobacterium tumefaciens,Ribose,307.0,4.0,0.5625190860968048,8,1
Agrobacterium tumefaciens,Glycerol,309.0,4.0,0.5502062379150754,9,1
Agrobacterium tumefaciens,Cellobiose,295.0,4.0,0.592119126350313,10,1
Agrobacterium tumefaciens,Serine,297.0,4.0,0.4821638047143217,11,0
Agrobacterium tumefaciens,Isoleucine,324.0,4.0,0.7725942553545473,12,0
Agrobacterium tumefaciens,Sorbitol,316.0,4.0,0.556300095926089,13,1
Agrobacterium tumefaciens,Uridine,,4.0,0.0,14,0
Agrobacterium tumefaciens,Raffinose,333.0,4.0,0.4017991879059463,15,0
Alcaligenes faecalis,Succinate,271.0,4.0,0.4514632682353236,0,1
Alcaligenes faecalis,Alanine,271.0,4.0,0.5687338972183384,1,1
Alcaligenes faecalis,Glutamine,266.0,4.0,0.5378541967709787,2,1
Alcaligenes faecalis,Proline,258.0,4.0,0.6827239843317215,3,1
Alcaligenes faecalis,Acetate,258.0,4.0,0.4437782989843653,4,1
Alcaligenes faecalis,Mannitol,274.0,4.0,0.5122290366139469,5,0
Alcaligenes faecalis,Citrate,270.0,4.0,0.41561098705669636,6,1
Alcaligenes faecalis,Glucose,266.0,4.0,0.5179553475874379,7,0
Alcaligenes faecalis,Ribose,265.0,4.0,0.5327540718042232,8,0
Alcaligenes faecalis,Glycerol,263.0,4.0,0.5501835291790682,9,0
Alcaligenes faecalis,Cellobiose,,4.0,0.0,10,0
Alcaligenes faecalis,Serine,265.0,4.0,0.48214390430280435,11,0
Alcaligenes faecalis,Isoleucine,261.0,4.0,0.6056351352564048,12,1
Alcaligenes faecalis,Sorbitol,274.0,4.0,0.5122290366139477,13,0
Alcaligenes faecalis,Uridine,,4.0,0.0,14,0
Alcaligenes faecalis,Raffinose,,4.0,0.0,15,0
Delftia acidovorans,Succinate,266.0,4.0,0.4514693690185043,0,1
Delftia acidovorans,Alanine,282.0,4.0,0.5687547054896347,1,1
Delftia acidovorans,Glutamine,273.0,4.0,0.5378614649854021,2,1
Delftia acidovorans,Proline,271.0,4.0,0.6827332102229371,3,1
Delftia acidovorans,Acetate,279.0,4.0,0.4437842959178317,4,1
Delftia acidovorans,Mannitol,277.0,4.0,0.5562974881931331,5,1
Delftia acidovorans,Citrate,262.0,4.0,0.41561660335529427,6,1
Delftia acidovorans,Glucose,285.0,4.0,0.5625164492114799,7,0
Delftia acidovorans,Ribose,,4.0,0.0,8,1
Delftia acidovorans,Glycerol,279.0,4.0,0.5502036587479114,9,1
Delftia acidovorans,Cellobiose,,4.0,0.0,10,0
Delftia acidovorans,Serine,298.0,4.0,0.4821615445053919,11,0
Delftia acidovorans,Isoleucine,303.0,4.0,0.6056434067932882,12,1
Delftia acidovorans,Sorbitol,296.0,4.0,0.5562974881931351,13,0
Delftia acidovorans,Uridine,,4.0,0.0,14,0
Delftia acidovorans,Raffinose,,4.0,0.0,15,0
Pandoraea vervacti,Succinate,282.0,4.0,0.45148656700154643,0,1
Pandoraea vervacti,Alanine,280.0,4.0,0.568757371617779,1,1
Pandoraea vervacti,Glutamine,272.0,4.0,0.5378819539332423,2,1
Pandoraea vervacti,Proline,274.0,4.0,0.6827592178216275,3,1
Pandoraea vervacti,Acetate,275.0,4.0,0.4438012011506563,4,1
Pandoraea vervacti,Mannitol,280.0,4.0,0.5563000959260886,5,1
Pandoraea vervacti,Citrate,271.0,4.0,0.4156324355861972,6,1
Pandoraea vervacti,Glucose,267.0,4.0,0.5625190860968032,7,0
Pandoraea vervacti,Ribose,284.0,4.0,0.5625190860968051,8,1
Pandoraea vervacti,Glycerol,281.0,4.0,0.5502062379150724,9,1
Pandoraea vervacti,Cellobiose,285.0,4.0,0.5921191263503096,10,0
Pandoraea vervacti,Serine,272.0,4.0,0.4821638047143205,11,1
Pandoraea vervacti,Isoleucine,277.0,4.0,0.6056667240994762,12,1
Pandoraea vervacti,Sorbitol,298.0,4.0,0.5563000959260892,13,0
Pandoraea vervacti,Uridine,291.0,4.0,0.4706158194154334,14,0
Pandoraea vervacti,Raffinose,,4.0,0.0,15,0
Pantoea agglomerans,Succinate,266.0,4.0,0.4165982723121754,0,1
Pantoea agglomerans,Alanine,262.0,4.0,0.5427608201512437,1,1
Pantoea agglomerans,Glutamine,270.0,4.0,0.4734952063991083,2,1
Pantoea agglomerans,Proline,267.0,4.0,0.6616888804977491,3,1
Pantoea agglomerans,Acetate,269.0,4.0,0.4301052439685304,4,0
Pantoea agglomerans,Mannitol,269.0,4.0,0.5562732244100789,5,1
Pantoea agglomerans,Citrate,271.0,4.0,0.36587947306087876,6,1
Pantoea agglomerans,Glucose,278.0,4.0,0.5368076718763096,7,1
Pantoea agglomerans,Ribose,269.0,4.0,0.5368076718763093,8,1
Pantoea agglomerans,Glycerol,279.0,4.0,0.5501796607567351,9,1
Pantoea agglomerans,Cellobiose,266.0,4.0,0.5650547644437531,10,1
Pantoea agglomerans,Serine,274.0,4.0,0.38343769996569793,11,0
Pantoea agglomerans,Isoleucine,264.0,4.0,0.1997258174655393,12,0
Pantoea agglomerans,Sorbitol,268.0,4.0,0.5562732244100792,13,1
Pantoea agglomerans,Uridine,276.0,4.0,0.4222357596274819,14,1
Pantoea agglomerans,Raffinose,,4.0,0.0,15,0
Pseudomonas asiatica,Succinate,274.0,4.0,0.42178971393317594,0,1
Pseudomonas asiatica,Alanine,271.0,4.0,0.5495244370437079,1,1
Pseudomonas asiatica,Glutamine,268.0,4.0,0.45253023779008905,2,1
Pseudomonas asiatica,Proline,277.0,4.0,0.6616862534986641,3,1
Pseudomonas asiatica,Acetate,270.0,4.0,0.4301035363894585,4,1
Pseudomonas asiatica,Mannitol,268.0,4.0,0.5562797432196102,5,1
Pseudomonas asiatica,Citrate,274.0,4.0,0.3496794111304954,6,1
Pseudomonas asiatica,Glucose,265.0,4.0,0.5434971035793844,7,1
Pseudomonas asiatica,Ribose,272.0,4.0,0.5434971035793839,8,1
Pseudomonas asiatica,Glycerol,293.0,4.0,0.5501861081575096,9,1
Pseudomonas asiatica,Cellobiose,277.0,4.0,0.5720961974434566,10,1
Pseudomonas asiatica,Serine,266.0,4.0,0.3882159109352598,11,1
Pseudomonas asiatica,Isoleucine,326.0,4.0,0.5867798170726124,12,1
Pseudomonas asiatica,Sorbitol,277.0,4.0,0.5562797432196104,13,1
Pseudomonas asiatica,Uridine,259.0,4.0,0.45592858888083193,14,1
Pseudomonas asiatica,Raffinose,,4.0,0.0,15,0
Pseudomonas delhiensis,Succinate,266.0,4.0,0.42389923290514464,0,1
Pseudomonas delhiensis,Alanine,262.0,4.0,0.5522728023717597,1,1
Pseudomonas delhiensis,Glutamine,254.0,4.0,0.48512843731513783,2,1
Pseudomonas delhiensis,Proline,267.0,4.0,0.7335272335248246,3,1
Pseudomonas delhiensis,Acetate,267.0,4.0,0.48345600811307665,4,1
Pseudomonas delhiensis,Mannitol,280.0,4.0,0.5563000959260898,5,1
Pseudomonas delhiensis,Citrate,268.0,4.0,0.37486870957273705,6,1
Pseudomonas delhiensis,Glucose,277.0,4.0,0.5462153240891238,7,1
Pseudomonas delhiensis,Ribose,279.0,4.0,0.5462153240891242,8,1
Pseudomonas delhiensis,Glycerol,270.0,4.0,0.5502062379150736,9,1
Pseudomonas delhiensis,Cellobiose,273.0,4.0,0.5749574520981625,10,1
Pseudomonas delhiensis,Serine,263.0,4.0,0.3901575154891048,11,0
Pseudomonas delhiensis,Isoleucine,275.0,4.0,0.7725942553545432,12,1
Pseudomonas delhiensis,Sorbitol,,4.0,0.0,13,0
Pseudomonas delhiensis,Uridine,,4.0,0.0,14,0
Pseudomonas delhiensis,Raffinose,,4.0,0.0,15,0
Sphingomonas paucimobilis,Succinate,278.0,4.0,0.5820693746581419,0,1
Sphingomonas paucimobilis,Alanine,285.0,4.0,0.5687573716177787,1,1
Sphingomonas paucimobilis,Glutamine,280.0,4.0,0.5778773121370809,2,1
Sphingomonas paucimobilis,Proline,284.0,4.0,0.7335272335248261,3,1
Sphingomonas paucimobilis,Acetate,277.0,4.0,0.5721611815427711,4,1
Sphingomonas paucimobilis,Mannitol,285.0,4.0,0.5563000959260904,5,1
Sphingomonas paucimobilis,Citrate,288.0,4.0,0.5358452046004513,6,1
Sphingomonas paucimobilis,Glucose,297.0,4.0,0.5625190860968036,7,1
Sphingomonas paucimobilis,Ribose,287.0,4.0,0.5625190860968038,8,1
Sphingomonas paucimobilis,Glycerol,272.0,4.0,0.5502062379150716,9,0
Sphingomonas paucimobilis,Cellobiose,298.0,4.0,0.592119126350312,10,1
Sphingomonas paucimobilis,Serine,,4.0,0.0,11,0
Sphingomonas paucimobilis,Isoleucine,280.0,4.0,0.772594255354548,12,1
Sphingomonas paucimobilis,Sorbitol,283.0,4.0,0.5563000959260886,13,0
Sphingomonas paucimobilis,Uridine,,4.0,0.0,14,0
Sphingomonas paucimobilis,Raffinose,300.0,4.0,0.6026987818589188,15,1
Agrobacterium tumefaciens,Succinate,281.0,2.0,0.2910346873290711,0,1
Agrobacterium tumefaciens,Alanine,284.0,2.0,0.2843786858088889,1,1
Agrobacterium tumefaciens,Glutamine,279.0,2.0,0.2889386560685413,2,0
Agrobacterium tumefaciens,Proline,286.0,2.0,0.36676361676241226,3,0
Agrobacterium tumefaciens,Acetate,294.0,2.0,0.28608059077138565,4,1
Agrobacterium tumefaciens,Mannitol,322.0,2.0,0.2781500479630449,5,1
Agrobacterium tumefaciens,Citrate,281.0,2.0,0.26792260230022574,6,0
Agrobacterium tumefaciens,Glucose,303.0,2.0,0.28125954304840267,7,1
Agrobacterium tumefaciens,Ribose,307.0,2.0,0.2812595430484024,8,1
Agrobacterium tumefaciens,Glycerol,309.0,2.0,0.2751031189575377,9,1
Agrobacterium tumefaciens,Cellobiose,295.0,2.0,0.2960595631751565,10,1
Agrobacterium tumefaciens,Serine,297.0,2.0,0.24108190235716084,11,0
Agrobacterium tumefaciens,Isoleucine,324.0,2.0,0.38629712767727364,12,0
Agrobacterium tumefaciens,Sorbitol,316.0,2.0,0.2781500479630445,13,1
Agrobacterium tumefaciens,Uridine,,2.0,0.0,14,0
Agrobacterium tumefaciens,Raffinose,333.0,2.0,0.20089959395297316,15,0
Alcaligenes faecalis,Succinate,271.0,2.0,0.2257316341176618,0,1
Alcaligenes faecalis,Alanine,271.0,2.0,0.2843669486091692,1,1
Alcaligenes faecalis,Glutamine,266.0,2.0,0.26892709838548934,2,1
Alcaligenes faecalis,Proline,258.0,2.0,0.3413619921658608,3,1
Alcaligenes faecalis,Acetate,258.0,2.0,0.22188914949218266,4,1
Alcaligenes faecalis,Mannitol,274.0,2.0,0.25611451830697346,5,0
Alcaligenes faecalis,Citrate,270.0,2.0,0.20780549352834818,6,1
Alcaligenes faecalis,Glucose,266.0,2.0,0.25897767379371894,7,0
Alcaligenes faecalis,Ribose,265.0,2.0,0.2663770359021116,8,0
Alcaligenes faecalis,Glycerol,263.0,2.0,0.2750917645895341,9,0
Alcaligenes faecalis,Cellobiose,,2.0,0.0,10,0
Alcaligenes faecalis,Serine,265.0,2.0,0.24107195215140217,11,0
Alcaligenes faecalis,Isoleucine,261.0,2.0,0.3028175676282024,12,1
Alcaligenes faecalis,Sorbitol,274.0,2.0,0.25611451830697385,13,0
Alcaligenes faecalis,Uridine,,2.0,0.0,14,0
Alcaligenes faecalis,Raffinose,,2.0,0.0,15,0
Delftia acidovorans,Succinate,266.0,2.0,0.22573468450925216,0,1
Delftia acidovorans,Alanine,282.0,2.0,0.28437735274481735,1,1
Delftia acidovorans,Glutamine,273.0,2.0,0.26893073249270105,2,1
Delftia acidovorans,Proline,271.0,2.0,0.34136660511146855,3,1
Delftia acidovorans,Acetate,279.0,2.0,0.22189214795891585,4,1
Delftia acidovorans,Mannitol,277.0,2.0,0.27814874409656654,5,1
Delftia acidovorans,Citrate,262.0,2.0,0.20780830167764713,6,1
Delftia acidovorans,Glucose,285.0,2.0,0.28125822460573996,7,0
Delftia acidovorans,Ribose,,2.0,0.0,8,1
Delftia acidovorans,Glycerol,279.0,2.0,0.2751018293739557,9,1
Delftia acidovorans,Cellobiose,,2.0,0.0,10,0
Delftia acidovorans,Serine,298.0,2.0,0.24108077225269595,11,0
Delftia acidovorans,Isoleucine,303.0,2.0,0.3028217033966441,12,1
Delftia acidovorans,Sorbitol,296.0,2.0,0.27814874409656754,13,0
Delftia acidovorans,Uridine,,2.0,0.0,14,0
Delftia acidovorans,Raffinose,,2.0,0.0,15,0
Pandoraea vervacti,Succinate,282.0,2.0,0.22574328350077322,0,1
Pandoraea vervacti,Alanine,280.0,2.0,0.2843786858088895,1,1
Pandoraea vervacti,Glutamine,272.0,2.0,0.26894097696662117,2,1
Pandoraea vervacti,Proline,274.0,2.0,0.34137960891081376,3,1
Pandoraea vervacti,Acetate,275.0,2.0,0.22190060057532815,4,1
Pandoraea vervacti,Mannitol,280.0,2.0,0.2781500479630443,5,1
Pandoraea vervacti,Citrate,271.0,2.0,0.2078162177930986,6,1
Pandoraea vervacti,Glucose,267.0,2.0,0.2812595430484016,7,0
Pandoraea vervacti,Ribose,284.0,2.0,0.28125954304840256,8,1
Pandoraea vervacti,Glycerol,281.0,2.0,0.2751031189575362,9,1
Pandoraea vervacti,Cellobiose,285.0,2.0,0.2960595631751548,10,0
Pandoraea vervacti,Serine,272.0,2.0,0.24108190235716026,11,1
Pandoraea vervacti,Isoleucine,277.0,2.0,0.3028333620497381,12,1
Pandoraea vervacti,Sorbitol,298.0,2.0,0.2781500479630446,13,0
Pandoraea vervacti,Uridine,291.0,2.0,0.2353079097077167,14,0
Pandoraea vervacti,Raffinose,,2.0,0.0,15,0
Pantoea agglomerans,Succinate,266.0,2.0,0.2082991361560877,0,1
Pantoea agglomerans,Alanine,262.0,2.0,0.27138041007562186,1,1
Pantoea agglomerans,Glutamine,270.0,2.0,0.23674760319955415,2,1
Pantoea agglomerans,Proline,267.0,2.0,0.33084444024887455,3,1
Pantoea agglomerans,Acetate,269.0,2.0,0.2150526219842652,4,0
Pantoea agglomerans,Mannitol,269.0,2.0,0.27813661220503944,5,1
Pantoea agglomerans,Citrate,271.0,2.0,0.18293973653043938,6,1
Pantoea agglomerans,Glucose,278.0,2.0,0.2684038359381548,7,1
Pantoea agglomerans,Ribose,269.0,2.0,0.26840383593815464,8,1
Pantoea agglomerans,Glycerol,279.0,2.0,0.27508983037836754,9,1
Pantoea agglomerans,Cellobiose,269.0,2.0,0.28252738222187734,10,1
Pantoea agglomerans,Serine,265.0,2.0,0.19171884998284947,11,0
Pantoea agglomerans,Isoleucine,279.0,2.0,0.09986290873276961,12,0
Pantoea agglomerans,Sorbitol,274.0,2.0,0.27813661220503944,13,1
Pantoea agglomerans,Uridine,275.0,2.0,0.2111178798137412,14,1
Pantoea agglomerans,Raffinose,,2.0,0.0,15,0
Pseudomonas asiatica,Succinate,274.0,2.0,0.21089485696658797,0,1
Pseudomonas asiatica,Alanine,271.0,2.0,0.27476221852185395,1,1
Pseudomonas asiatica,Glutamine,268.0,2.0,0.22626511889504453,2,1
Pseudomonas asiatica,Proline,277.0,2.0,0.33084312674933203,3,1
Pseudomonas asiatica,Acetate,270.0,2.0,0.21505176819472924,4,1
Pseudomonas asiatica,Mannitol,268.0,2.0,0.2781398716098051,5,1
Pseudomonas asiatica,Citrate,274.0,2.0,0.1748397055652477,6,1
Pseudomonas asiatica,Glucose,265.0,2.0,0.2717485517896922,7,1
Pseudomonas asiatica,Ribose,272.0,2.0,0.27174855178969193,8,1
Pseudomonas asiatica,Glycerol,293.0,2.0,0.2750930540787548,9,1
Pseudomonas asiatica,Cellobiose,277.0,2.0,0.2860480987217283,10,1
Pseudomonas asiatica,Serine,266.0,2.0,0.1941079554676299,11,1
Pseudomonas asiatica,Isoleucine,326.0,2.0,0.2933899085363062,12,1
Pseudomonas asiatica,Sorbitol,277.0,2.0,0.2781398716098052,13,1
Pseudomonas asiatica,Uridine,259.0,2.0,0.22796429444041597,14,1
Pseudomonas asiatica,Raffinose,,2.0,0.0,15,0
Pseudomonas delhiensis,Succinate,266.0,2.0,0.21194961645257232,0,1
Pseudomonas delhiensis,Alanine,262.0,2.0,0.27613640118587984,1,1
Pseudomonas delhiensis,Glutamine,254.0,2.0,0.24256421865756891,2,1
Pseudomonas delhiensis,Proline,267.0,2.0,0.3667636167624123,3,1
Pseudomonas delhiensis,Acetate,267.0,2.0,0.24172800405653833,4,1
Pseudomonas delhiensis,Mannitol,280.0,2.0,0.2781500479630449,5,1
Pseudomonas delhiensis,Citrate,268.0,2.0,0.18743435478636852,6,1
Pseudomonas delhiensis,Glucose,277.0,2.0,0.2731076620445619,7,1
Pseudomonas delhiensis,Ribose,279.0,2.0,0.2731076620445621,8,1
Pseudomonas delhiensis,Glycerol,270.0,2.0,0.2751031189575368,9,1
Pseudomonas delhiensis,Cellobiose,273.0,2.0,0.28747872604908126,10,1
Pseudomonas delhiensis,Serine,263.0,2.0,0.1950787577445524,11,0
Pseudomonas delhiensis,Isoleucine,275.0,2.0,0.3862971276772716,12,1
Pseudomonas delhiensis,Sorbitol,,2.0,0.0,13,0
Pseudomonas delhiensis,Uridine,,2.0,0.0,14,0
Pseudomonas delhiensis,Raffinose,,2.0,0.0,15,0
Sphingomonas paucimobilis,Succinate,278.0,2.0,0.29103468732907095,0,1
Sphingomonas paucimobilis,Alanine,285.0,2.0,0.28437868580888936,1,1
Sphingomonas paucimobilis,Glutamine,280.0,2.0,0.28893865606854047,2,1
Sphingomonas paucimobilis,Proline,284.0,2.0,0.36676361676241304,3,1
Sphingomonas paucimobilis,Acetate,277.0,2.0,0.28608059077138553,4,1
Sphingomonas paucimobilis,Mannitol,285.0,2.0,0.2781500479630452,5,1
Sphingomonas paucimobilis,Citrate,288.0,2.0,0.26792260230022563,6,1
Sphingomonas paucimobilis,Glucose,297.0,2.0,0.2812595430484018,7,1
Sphingomonas paucimobilis,Ribose,287.0,2.0,0.2812595430484019,8,1
Sphingomonas paucimobilis,Glycerol,272.0,2.0,0.2751031189575358,9,0
Sphingomonas paucimobilis,Cellobiose,298.0,2.0,0.296059563175156,10,1
Sphingomonas paucimobilis,Serine,,2.0,0.0,11,0
Sphingomonas paucimobilis,Isoleucine,280.0,2.0,0.386297127677274,12,1
Sphingomonas paucimobilis,Sorbitol,283.0,2.0,0.2781500479630443,13,0
Sphingomonas paucimobilis,Uridine,,2.0,0.0,14,0
Sphingomonas paucimobilis,Raffinose,300.0,2.0,0.3013493909294594,15,1
Agrobacterium tumefaciens,Succinate,281.0,8.0,1.1641387493162845,0,1
Agrobacterium tumefaciens,Alanine,284.0,8.0,1.1375147432355557,1,1
Agrobacterium tumefaciens,Glutamine,279.0,8.0,1.1557546242741652,2,0
Agrobacterium tumefaciens,Proline,286.0,8.0,1.467054467049649,3,0
Agrobacterium tumefaciens,Acetate,294.0,8.0,1.1443223630855426,4,1
Agrobacterium tumefaciens,Mannitol,322.0,8.0,1.1126001918521795,5,1
Agrobacterium tumefaciens,Citrate,287.0,8.0,1.0716904092009023,6,0
Agrobacterium tumefaciens,Glucose,333.0,8.0,1.1250381721936153,7,1
Agrobacterium tumefaciens,Ribose,293.0,8.0,1.1250381721936096,8,1
Agrobacterium tumefaciens,Glycerol,320.0,8.0,1.1004124758301472,9,1
Agrobacterium tumefaciens,Cellobiose,310.0,8.0,1.1842382527006292,10,1
Agrobacterium tumefaciens,Serine,301.0,8.0,0.9643276094286418,11,0
Agrobacterium tumefaciens,Isoleucine,291.0,8.0,1.5451885107090904,12,0
Agrobacterium tumefaciens,Sorbitol,298.0,8.0,1.1126001918521762,13,1
Agrobacterium tumefaciens,Uridine,,8.0,0.0,14,0
Agrobacterium tumefaciens,Raffinose,308.0,8.0,0.803598375811888,15,0
Alcaligenes faecalis,Succinate,271.0,8.0,0.9029265364706472,0,1
Alcaligenes faecalis,Alanine,271.0,8.0,1.137467794436677,1,1
Alcaligenes faecalis,Glutamine,266.0,8.0,1.0757083935419574,2,1
Alcaligenes faecalis,Proline,262.0,8.0,1.365447968663439,3,1
Alcaligenes faecalis,Acetate,269.0,8.0,0.8875565979687301,4,1
Alcaligenes faecalis,Mannitol,280.0,8.0,1.024458073227891,5,0
Alcaligenes faecalis,Citrate,277.0,8.0,0.8312219741133945,6,1
Alcaligenes faecalis,Glucose,288.0,8.0,1.035910695174878,7,0
Alcaligenes faecalis,Ribose,267.0,8.0,1.0655081436084488,8,0
Alcaligenes faecalis,Glycerol,274.0,8.0,1.1003670583581349,9,0
Alcaligenes faecalis,Cellobiose,,8.0,0.0,10,0
Alcaligenes faecalis,Serine,265.0,8.0,0.9642878086056114,11,0
Alcaligenes faecalis,Isoleucine,273.0,8.0,1.2112702705128129,12,1
Alcaligenes faecalis,Sorbitol,275.0,8.0,1.0244580732278943,13,0
Alcaligenes faecalis,Uridine,,8.0,0.0,14,0
Alcaligenes faecalis,Raffinose,,8.0,0.0,15,0
Delftia acidovorans,Succinate,266.0,8.0,0.9029387380370086,0,1
Delftia acidovorans,Alanine,282.0,8.0,1.1375094109792694,1,1
Delftia acidovorans,Glutamine,273.0,8.0,1.0757229299708042,2,1
Delftia acidovorans,Proline,271.0,8.0,1.3654664204458742,3,1
Delftia acidovorans,Acetate,279.0,8.0,0.8875685918356634,4,1
Delftia acidovorans,Mannitol,277.0,8.0,1.1125949763862661,5,1
Delftia acidovorans,Citrate,262.0,8.0,0.8312332067105885,6,1
Delftia acidovorans,Glucose,285.0,8.0,1.1250328984229598,7,0
Delftia acidovorans,Ribose,,8.0,0.0,8,1
Delftia acidovorans,Glycerol,279.0,8.0,1.1004073174958229,9,1
Delftia acidovorans,Cellobiose,,8.0,0.0,10,0
Delftia acidovorans,Serine,298.0,8.0,0.9643230890107838,11,0
Delftia acidovorans,Isoleucine,303.0,8.0,1.2112868135865764,12,1
Delftia acidovorans,Sorbitol,296.0,8.0,1.1125949763862701,13,0
Delftia acidovorans,Uridine,,8.0,0.0,14,0
Delftia acidovorans,Raffinose,,8.0,0.0,15,0
Pandoraea vervacti,Succinate,282.0,8.0,0.9029731340030929,0,1
Pandoraea vervacti,Alanine,280.0,8.0,1.137514743235558,1,1
Pandoraea vervacti,Glutamine,272.0,8.0,1.0757639078664847,2,1
Pandoraea vervacti,Proline,274.0,8.0,1.365518435643255,3,1
Pandoraea vervacti,Acetate,275.0,8.0,0.8876024023013126,4,1
Pandoraea vervacti,Mannitol,280.0,8.0,1.1126001918521773,5,1
Pandoraea vervacti,Citrate,271.0,8.0,0.8312648711723944,6,1
Pandoraea vervacti,Glucose,267.0,8.0,1.1250381721936065,7,0
Pandoraea vervacti,Ribose,284.0,8.0,1.1250381721936102,8,1
Pandoraea vervacti,Glycerol,281.0,8.0,1.1004124758301448,9,1
Pandoraea vervacti,Cellobiose,285.0,8.0,1.1842382527006192,10,0
Pandoraea vervacti,Serine,272.0,8.0,0.964327609428641,11,1
Pandoraea vervacti,Isoleucine,277.0,8.0,1.2113334481989524,12,1
Pandoraea vervacti,Sorbitol,298.0,8.0,1.1126001918521784,13,0
Pandoraea vervacti,Uridine,291.0,8.0,0.9412316388308668,14,0
Pandoraea vervacti,Raffinose,,8.0,0.0,15,0
Pantoea agglomerans,Succinate,266.0,8.0,0.8331965446243508,0,1
Pantoea agglomerans,Alanine,262.0,8.0,1.0855216403024874,1,1
Pantoea agglomerans,Glutamine,270.0,8.0,0.9469904127982166,2,1
Pantoea agglomerans,Proline,267.0,8.0,1.3233777609954982,3,1
Pantoea agglomerans,Acetate,269.0,8.0,0.8602104879370608,4,0
Pantoea agglomerans,Mannitol,269.0,8.0,1.1125464488201577,5,1
Pantoea agglomerans,Citrate,271.0,8.0,0.7317589461217575,6,1
Pantoea agglomerans,Glucose,278.0,8.0,1.0736153437526192,7,1
Pantoea agglomerans,Ribose,269.0,8.0,1.0736153437526186,8,1
Pantoea agglomerans,Glycerol,279.0,8.0,1.1003593215134702,9,1
Pantoea agglomerans,Cellobiose,266.0,8.0,1.1301095288875063,10,1
Pantoea agglomerans,Serine,274.0,8.0,0.7668753999313959,11,0
Pantoea agglomerans,Isoleucine,264.0,8.0,0.3994516349310786,12,0
Pantoea agglomerans,Sorbitol,268.0,8.0,1.1125464488201584,13,1
Pantoea agglomerans,Uridine,276.0,8.0,0.8444715192549638,14,1
Pantoea agglomerans,Raffinose,,8.0,0.0,15,0
Pseudomonas asiatica,Succinate,274.0,8.0,0.8435794278663519,0,1
Pseudomonas asiatica,Alanine,271.0,8.0,1.0990488740874158,1,1
Pseudomonas asiatica,Glutamine,268.0,8.0,0.9050604755801781,2,1
Pseudomonas asiatica,Proline,277.0,8.0,1.3233725069973281,3,1
Pseudomonas asiatica,Acetate,270.0,8.0,0.860207072778917,4,1
Pseudomonas asiatica,Mannitol,268.0,8.0,1.1125594864392203,5,1
Pseudomonas asiatica,Citrate,274.0,8.0,0.6993588222609908,6,1
Pseudomonas asiatica,Glucose,265.0,8.0,1.0869942071587688,7,1
Pseudomonas asiatica,Ribose,272.0,8.0,1.0869942071587677,8,1
Pseudomonas asiatica,Glycerol,293.0,8.0,1.1003722163150191,9,1
Pseudomonas asiatica,Cellobiose,277.0,8.0,1.1441923948869133,10,1
Pseudomonas asiatica,Serine,266.0,8.0,0.7764318218705196,11,1
Pseudomonas asiatica,Isoleucine,326.0,8.0,1.1735596341452248,12,1
Pseudomonas asiatica,Sorbitol,277.0,8.0,1.1125594864392208,13,1
Pseudomonas asiatica,Uridine,259.0,8.0,0.9118571777616639,14,1
Pseudomonas asiatica,Raffinose,,8.0,0.0,15,0
Pseudomonas delhiensis,Succinate,266.0,8.0,0.8477984658102893,0,1
Pseudomonas delhiensis,Alanine,275.0,8.0,1.104545604743522,1,1
Pseudomonas delhiensis,Glutamine,258.0,8.0,0.9702568746302761,2,1
Pseudomonas delhiensis,Proline,265.0,8.0,1.4670544670496495,3,1
Pseudomonas delhiensis,Acetate,268.0,8.0,0.9669120162261508,4,1
Pseudomonas delhiensis,Mannitol,287.0,8.0,1.1126001918521775,5,1
Pseudomonas delhiensis,Citrate,266.0,8.0,0.749737419145474,6,1
Pseudomonas delhiensis,Glucose,272.0,8.0,1.0924306481782484,7,1
Pseudomonas delhiensis,Ribose,279.0,8.0,1.0924306481782518,8,1
Pseudomonas delhiensis,Glycerol,313.0,8.0,1.1004124758301441,9,1
Pseudomonas delhiensis,Cellobiose,284.0,8.0,1.1499149041963208,10,1
Pseudomonas delhiensis,Serine,276.0,8.0,0.780315030978211,11,0
Pseudomonas delhiensis,Isoleucine,269.0,8.0,1.5451885107090924,12,1
Pseudomonas delhiensis,Sorbitol,,8.0,0.0,13,0
Pseudomonas delhiensis,Uridine,,8.0,0.0,14,0
Pseudomonas delhiensis,Raffinose,,8.0,0.0,15,0
Sphingomonas paucimobilis,Succinate,278.0,8.0,1.1641387493162838,0,1
Sphingomonas paucimobilis,Alanine,285.0,8.0,1.1375147432355575,1,1
Sphingomonas paucimobilis,Glutamine,280.0,8.0,1.1557546242741619,2,1
Sphingomonas paucimobilis,Proline,284.0,8.0,1.4670544670496521,3,1
Sphingomonas paucimobilis,Acetate,277.0,8.0,1.1443223630855421,4,1
Sphingomonas paucimobilis,Mannitol,285.0,8.0,1.1126001918521808,5,1
Sphingomonas paucimobilis,Citrate,288.0,8.0,1.0716904092009025,6,1
Sphingomonas paucimobilis,Glucose,297.0,8.0,1.1250381721936071,7,1
Sphingomonas paucimobilis,Ribose,287.0,8.0,1.1250381721936076,8,1
Sphingomonas paucimobilis,Glycerol,272.0,8.0,1.1004124758301432,9,0
Sphingomonas paucimobilis,Cellobiose,298.0,8.0,1.184238252700624,10,1
Sphingomonas paucimobilis,Serine,,8.0,0.0,11,0
Sphingomonas paucimobilis,Isoleucine,280.0,8.0,1.545188510709096,12,1
Sphingomonas paucimobilis,Sorbitol,283.0,8.0,1.1126001918521773,13,0
Sphingomonas paucimobilis,Uridine,,8.0,0.0,14,0
Sphingomonas paucimobilis,Raffinose,300.0,8.0,1.2053975637178376,15,1
